group	colour	x	y	clickSelects	showSelected1
1	#F8766D	1	71.8	S001	Biology
1	#F8766D	2	77.7	S001	Biology
1	#F8766D	3	74.9	S001	Biology
1	#F8766D	4	80.4	S001	Biology
1	#F8766D	5	78.6	S001	Biology
1	#F8766D	6	78.2	S001	Biology
1	#F8766D	7	88.9	S001	Biology
1	#F8766D	8	88.2	S001	Biology
2	#F8766D	1	69.1	S002	Biology
2	#F8766D	2	65	S002	Biology
2	#F8766D	3	69.7	S002	Biology
2	#F8766D	4	74.1	S002	Biology
2	#F8766D	5	79.9	S002	Biology
2	#F8766D	6	73.6	S002	Biology
2	#F8766D	7	72.3	S002	Biology
2	#F8766D	8	84.1	S002	Biology
3	#F8766D	1	57	S003	Biology
3	#F8766D	2	66.9	S003	Biology
3	#F8766D	3	70.4	S003	Biology
3	#F8766D	4	63.1	S003	Biology
3	#F8766D	5	65.9	S003	Biology
3	#F8766D	6	67.7	S003	Biology
3	#F8766D	7	70	S003	Biology
3	#F8766D	8	68.3	S003	Biology
4	#F8766D	1	60.9	S004	Biology
4	#F8766D	2	62	S004	Biology
4	#F8766D	3	61.8	S004	Biology
4	#F8766D	4	61.8	S004	Biology
4	#F8766D	5	55.7	S004	Biology
4	#F8766D	6	69.6	S004	Biology
4	#F8766D	7	60	S004	Biology
4	#F8766D	8	75.9	S004	Biology
5	#F8766D	1	78.7	S005	Biology
5	#F8766D	2	86.7	S005	Biology
5	#F8766D	3	71.2	S005	Biology
5	#F8766D	4	76.9	S005	Biology
5	#F8766D	5	86.8	S005	Biology
5	#F8766D	6	83.9	S005	Biology
5	#F8766D	7	83.7	S005	Biology
5	#F8766D	8	88.3	S005	Biology
6	#F8766D	1	69.9	S006	Biology
6	#F8766D	2	72.8	S006	Biology
6	#F8766D	3	84.8	S006	Biology
6	#F8766D	4	86.5	S006	Biology
6	#F8766D	5	91.1	S006	Biology
6	#F8766D	6	80.6	S006	Biology
6	#F8766D	7	76.8	S006	Biology
6	#F8766D	8	92	S006	Biology
7	#F8766D	1	63.6	S007	Biology
7	#F8766D	2	58.9	S007	Biology
7	#F8766D	3	65.9	S007	Biology
7	#F8766D	4	85.9	S007	Biology
7	#F8766D	5	70	S007	Biology
7	#F8766D	6	84.4	S007	Biology
7	#F8766D	7	84.2	S007	Biology
7	#F8766D	8	84.8	S007	Biology
8	#F8766D	1	61.5	S008	Biology
8	#F8766D	2	71.6	S008	Biology
8	#F8766D	3	62	S008	Biology
8	#F8766D	4	64.8	S008	Biology
8	#F8766D	5	61	S008	Biology
8	#F8766D	6	65.1	S008	Biology
8	#F8766D	7	78.3	S008	Biology
8	#F8766D	8	78.4	S008	Biology
9	#F8766D	1	54.2	S009	Biology
9	#F8766D	2	51.3	S009	Biology
9	#F8766D	3	55	S009	Biology
9	#F8766D	4	55.6	S009	Biology
9	#F8766D	5	55.6	S009	Biology
9	#F8766D	6	64.7	S009	Biology
9	#F8766D	7	55.3	S009	Biology
9	#F8766D	8	64.8	S009	Biology
10	#F8766D	1	52.9	S010	Biology
10	#F8766D	2	47.4	S010	Biology
10	#F8766D	3	62	S010	Biology
10	#F8766D	4	54	S010	Biology
10	#F8766D	5	55	S010	Biology
10	#F8766D	6	74.6	S010	Biology
10	#F8766D	7	58	S010	Biology
10	#F8766D	8	58.5	S010	Biology
11	#F8766D	1	41.8	S011	Biology
11	#F8766D	2	47.6	S011	Biology
11	#F8766D	3	46.3	S011	Biology
11	#F8766D	4	51.9	S011	Biology
11	#F8766D	5	65.8	S011	Biology
11	#F8766D	6	45	S011	Biology
11	#F8766D	7	50.8	S011	Biology
11	#F8766D	8	66.6	S011	Biology
12	#F8766D	1	69.5	S012	Biology
12	#F8766D	2	70.9	S012	Biology
12	#F8766D	3	75.6	S012	Biology
12	#F8766D	4	72.6	S012	Biology
12	#F8766D	5	75.5	S012	Biology
12	#F8766D	6	79	S012	Biology
12	#F8766D	7	75.2	S012	Biology
12	#F8766D	8	74.3	S012	Biology
13	#F8766D	1	67.5	S013	Biology
13	#F8766D	2	67.6	S013	Biology
13	#F8766D	3	73	S013	Biology
13	#F8766D	4	73	S013	Biology
13	#F8766D	5	76.9	S013	Biology
13	#F8766D	6	84.7	S013	Biology
13	#F8766D	7	89.1	S013	Biology
13	#F8766D	8	89.7	S013	Biology
14	#F8766D	1	51.2	S014	Biology
14	#F8766D	2	71.4	S014	Biology
14	#F8766D	3	63.4	S014	Biology
14	#F8766D	4	75.9	S014	Biology
14	#F8766D	5	80.8	S014	Biology
14	#F8766D	6	77.1	S014	Biology
14	#F8766D	7	82.6	S014	Biology
14	#F8766D	8	75.4	S014	Biology
15	#F8766D	1	32.5	S015	Biology
15	#F8766D	2	32.7	S015	Biology
15	#F8766D	3	33.8	S015	Biology
15	#F8766D	4	33.3	S015	Biology
15	#F8766D	5	35.3	S015	Biology
15	#F8766D	6	39.7	S015	Biology
15	#F8766D	7	39.8	S015	Biology
15	#F8766D	8	38.8	S015	Biology
16	#F8766D	1	62.5	S016	Biology
16	#F8766D	2	58.3	S016	Biology
16	#F8766D	3	63.9	S016	Biology
16	#F8766D	4	60.8	S016	Biology
16	#F8766D	5	68.9	S016	Biology
16	#F8766D	6	68.1	S016	Biology
16	#F8766D	7	71.7	S016	Biology
16	#F8766D	8	65.9	S016	Biology
17	#F8766D	1	56.2	S017	Biology
17	#F8766D	2	51.3	S017	Biology
17	#F8766D	3	59.2	S017	Biology
17	#F8766D	4	56.4	S017	Biology
17	#F8766D	5	62.7	S017	Biology
17	#F8766D	6	58.6	S017	Biology
17	#F8766D	7	62.5	S017	Biology
17	#F8766D	8	67.5	S017	Biology
18	#F8766D	1	69.2	S018	Biology
18	#F8766D	2	66.6	S018	Biology
18	#F8766D	3	65.3	S018	Biology
18	#F8766D	4	80.2	S018	Biology
18	#F8766D	5	70.8	S018	Biology
18	#F8766D	6	70.7	S018	Biology
18	#F8766D	7	78.9	S018	Biology
18	#F8766D	8	81.3	S018	Biology
19	#F8766D	1	43	S019	Biology
19	#F8766D	2	46.8	S019	Biology
19	#F8766D	3	46.5	S019	Biology
19	#F8766D	4	49.8	S019	Biology
19	#F8766D	5	53.5	S019	Biology
19	#F8766D	6	51	S019	Biology
19	#F8766D	7	55.4	S019	Biology
19	#F8766D	8	67.7	S019	Biology
20	#F8766D	1	47.3	S020	Biology
20	#F8766D	2	33.3	S020	Biology
20	#F8766D	3	45.2	S020	Biology
20	#F8766D	4	47.5	S020	Biology
20	#F8766D	5	51.5	S020	Biology
20	#F8766D	6	56.3	S020	Biology
20	#F8766D	7	53.8	S020	Biology
20	#F8766D	8	54.6	S020	Biology
21	#F8766D	1	70.1	S021	Biology
21	#F8766D	2	71.4	S021	Biology
21	#F8766D	3	72.5	S021	Biology
21	#F8766D	4	80.5	S021	Biology
21	#F8766D	5	82.4	S021	Biology
21	#F8766D	6	87.2	S021	Biology
21	#F8766D	7	84.9	S021	Biology
21	#F8766D	8	88.7	S021	Biology
22	#F8766D	1	72.6	S022	Biology
22	#F8766D	2	64.9	S022	Biology
22	#F8766D	3	66.5	S022	Biology
22	#F8766D	4	70.6	S022	Biology
22	#F8766D	5	77.5	S022	Biology
22	#F8766D	6	78.1	S022	Biology
22	#F8766D	7	85.4	S022	Biology
22	#F8766D	8	80.7	S022	Biology
23	#F8766D	1	73.1	S023	Biology
23	#F8766D	2	70.6	S023	Biology
23	#F8766D	3	76	S023	Biology
23	#F8766D	4	78.2	S023	Biology
23	#F8766D	5	82.8	S023	Biology
23	#F8766D	6	82.7	S023	Biology
23	#F8766D	7	77.6	S023	Biology
23	#F8766D	8	79.5	S023	Biology
24	#F8766D	1	59.5	S024	Biology
24	#F8766D	2	52.1	S024	Biology
24	#F8766D	3	67	S024	Biology
24	#F8766D	4	65	S024	Biology
24	#F8766D	5	69.1	S024	Biology
24	#F8766D	6	64.9	S024	Biology
24	#F8766D	7	75	S024	Biology
24	#F8766D	8	71.2	S024	Biology
25	#F8766D	1	66.1	S025	Biology
25	#F8766D	2	66.1	S025	Biology
25	#F8766D	3	66.7	S025	Biology
25	#F8766D	4	79.7	S025	Biology
25	#F8766D	5	69.9	S025	Biology
25	#F8766D	6	76.4	S025	Biology
25	#F8766D	7	79.2	S025	Biology
25	#F8766D	8	75.2	S025	Biology
26	#F8766D	1	47.8	S026	Biology
26	#F8766D	2	57	S026	Biology
26	#F8766D	3	56.6	S026	Biology
26	#F8766D	4	55.7	S026	Biology
26	#F8766D	5	57.8	S026	Biology
26	#F8766D	6	53	S026	Biology
26	#F8766D	7	55.3	S026	Biology
26	#F8766D	8	58.1	S026	Biology
27	#F8766D	1	60.4	S027	Biology
27	#F8766D	2	57.1	S027	Biology
27	#F8766D	3	63.4	S027	Biology
27	#F8766D	4	71.5	S027	Biology
27	#F8766D	5	73.5	S027	Biology
27	#F8766D	6	79.7	S027	Biology
27	#F8766D	7	70.6	S027	Biology
27	#F8766D	8	77.7	S027	Biology
28	#F8766D	1	71.1	S028	Biology
28	#F8766D	2	74.8	S028	Biology
28	#F8766D	3	71.8	S028	Biology
28	#F8766D	4	70.2	S028	Biology
28	#F8766D	5	76.3	S028	Biology
28	#F8766D	6	81.5	S028	Biology
28	#F8766D	7	85.7	S028	Biology
28	#F8766D	8	80.5	S028	Biology
29	#F8766D	1	40.2	S029	Biology
29	#F8766D	2	47.1	S029	Biology
29	#F8766D	3	39.7	S029	Biology
29	#F8766D	4	54.7	S029	Biology
29	#F8766D	5	43.9	S029	Biology
29	#F8766D	6	58	S029	Biology
29	#F8766D	7	53.4	S029	Biology
29	#F8766D	8	53.2	S029	Biology
30	#F8766D	1	64	S030	Biology
30	#F8766D	2	64.6	S030	Biology
30	#F8766D	3	59.8	S030	Biology
30	#F8766D	4	64.7	S030	Biology
30	#F8766D	5	68.2	S030	Biology
30	#F8766D	6	70.9	S030	Biology
30	#F8766D	7	76.9	S030	Biology
30	#F8766D	8	82.7	S030	Biology
31	#F8766D	1	54.3	S031	Biology
31	#F8766D	2	45.3	S031	Biology
31	#F8766D	3	52.7	S031	Biology
31	#F8766D	4	55.1	S031	Biology
31	#F8766D	5	54.2	S031	Biology
31	#F8766D	6	60.2	S031	Biology
31	#F8766D	7	60.1	S031	Biology
31	#F8766D	8	57.6	S031	Biology
32	#F8766D	1	62.1	S032	Biology
32	#F8766D	2	54.9	S032	Biology
32	#F8766D	3	56.1	S032	Biology
32	#F8766D	4	63.6	S032	Biology
32	#F8766D	5	69.2	S032	Biology
32	#F8766D	6	68	S032	Biology
32	#F8766D	7	63.4	S032	Biology
32	#F8766D	8	60.8	S032	Biology
33	#F8766D	1	55.8	S033	Biology
33	#F8766D	2	57.7	S033	Biology
33	#F8766D	3	60.1	S033	Biology
33	#F8766D	4	64.1	S033	Biology
33	#F8766D	5	66	S033	Biology
33	#F8766D	6	70.8	S033	Biology
33	#F8766D	7	68.1	S033	Biology
33	#F8766D	8	75	S033	Biology
34	#F8766D	1	72.2	S034	Biology
34	#F8766D	2	79.2	S034	Biology
34	#F8766D	3	82.3	S034	Biology
34	#F8766D	4	85.4	S034	Biology
34	#F8766D	5	75.2	S034	Biology
34	#F8766D	6	90.3	S034	Biology
34	#F8766D	7	96.5	S034	Biology
34	#F8766D	8	86.6	S034	Biology
35	#F8766D	1	56.9	S035	Biology
35	#F8766D	2	60.2	S035	Biology
35	#F8766D	3	56.6	S035	Biology
35	#F8766D	4	59	S035	Biology
35	#F8766D	5	75.6	S035	Biology
35	#F8766D	6	67.5	S035	Biology
35	#F8766D	7	63.8	S035	Biology
35	#F8766D	8	68.1	S035	Biology
36	#F8766D	1	66.3	S036	Biology
36	#F8766D	2	78	S036	Biology
36	#F8766D	3	71.7	S036	Biology
36	#F8766D	4	78.3	S036	Biology
36	#F8766D	5	67.3	S036	Biology
36	#F8766D	6	69	S036	Biology
36	#F8766D	7	85.4	S036	Biology
36	#F8766D	8	76.5	S036	Biology
37	#F8766D	1	65.1	S037	Biology
37	#F8766D	2	66.6	S037	Biology
37	#F8766D	3	66.7	S037	Biology
37	#F8766D	4	70.7	S037	Biology
37	#F8766D	5	73.8	S037	Biology
37	#F8766D	6	75.9	S037	Biology
37	#F8766D	7	81.6	S037	Biology
37	#F8766D	8	81.5	S037	Biology
38	#F8766D	1	54.5	S038	Biology
38	#F8766D	2	54.9	S038	Biology
38	#F8766D	3	54.6	S038	Biology
38	#F8766D	4	59.8	S038	Biology
38	#F8766D	5	72	S038	Biology
38	#F8766D	6	64.6	S038	Biology
38	#F8766D	7	72.4	S038	Biology
38	#F8766D	8	71.6	S038	Biology
39	#F8766D	1	56.7	S039	Biology
39	#F8766D	2	49.1	S039	Biology
39	#F8766D	3	66.6	S039	Biology
39	#F8766D	4	65.2	S039	Biology
39	#F8766D	5	56.7	S039	Biology
39	#F8766D	6	64.5	S039	Biology
39	#F8766D	7	69.5	S039	Biology
39	#F8766D	8	76.4	S039	Biology
40	#F8766D	1	61.7	S040	Biology
40	#F8766D	2	69.1	S040	Biology
40	#F8766D	3	65.7	S040	Biology
40	#F8766D	4	71.5	S040	Biology
40	#F8766D	5	75.9	S040	Biology
40	#F8766D	6	76.5	S040	Biology
40	#F8766D	7	83.1	S040	Biology
40	#F8766D	8	82.2	S040	Biology
41	#F8766D	1	54.4	S041	Biology
41	#F8766D	2	49.7	S041	Biology
41	#F8766D	3	49.2	S041	Biology
41	#F8766D	4	56.8	S041	Biology
41	#F8766D	5	65.3	S041	Biology
41	#F8766D	6	59.8	S041	Biology
41	#F8766D	7	67.5	S041	Biology
41	#F8766D	8	72	S041	Biology
42	#F8766D	1	67.4	S042	Biology
42	#F8766D	2	61.5	S042	Biology
42	#F8766D	3	76.7	S042	Biology
42	#F8766D	4	62	S042	Biology
42	#F8766D	5	68.7	S042	Biology
42	#F8766D	6	73	S042	Biology
42	#F8766D	7	77.7	S042	Biology
42	#F8766D	8	86.9	S042	Biology
43	#F8766D	1	73.8	S043	Biology
43	#F8766D	2	70.6	S043	Biology
43	#F8766D	3	81.9	S043	Biology
43	#F8766D	4	74.6	S043	Biology
43	#F8766D	5	68.1	S043	Biology
43	#F8766D	6	80.8	S043	Biology
43	#F8766D	7	73.6	S043	Biology
43	#F8766D	8	89	S043	Biology
44	#F8766D	1	87.4	S044	Biology
44	#F8766D	2	78.3	S044	Biology
44	#F8766D	3	76.7	S044	Biology
44	#F8766D	4	97.5	S044	Biology
44	#F8766D	5	86.2	S044	Biology
44	#F8766D	6	91.9	S044	Biology
44	#F8766D	7	89.5	S044	Biology
44	#F8766D	8	93.3	S044	Biology
45	#F8766D	1	45.5	S045	Biology
45	#F8766D	2	50.1	S045	Biology
45	#F8766D	3	58.8	S045	Biology
45	#F8766D	4	48.1	S045	Biology
45	#F8766D	5	63	S045	Biology
45	#F8766D	6	61.4	S045	Biology
45	#F8766D	7	66.1	S045	Biology
45	#F8766D	8	53.8	S045	Biology
46	#F8766D	1	72.8	S046	Biology
46	#F8766D	2	73.2	S046	Biology
46	#F8766D	3	75.4	S046	Biology
46	#F8766D	4	62.8	S046	Biology
46	#F8766D	5	69.1	S046	Biology
46	#F8766D	6	73.9	S046	Biology
46	#F8766D	7	69.8	S046	Biology
46	#F8766D	8	74	S046	Biology
47	#F8766D	1	62.5	S047	Biology
47	#F8766D	2	70.7	S047	Biology
47	#F8766D	3	75	S047	Biology
47	#F8766D	4	78	S047	Biology
47	#F8766D	5	71.8	S047	Biology
47	#F8766D	6	69.4	S047	Biology
47	#F8766D	7	76.2	S047	Biology
47	#F8766D	8	91.4	S047	Biology
48	#F8766D	1	70	S048	Biology
48	#F8766D	2	67.3	S048	Biology
48	#F8766D	3	75.1	S048	Biology
48	#F8766D	4	76.4	S048	Biology
48	#F8766D	5	77.8	S048	Biology
48	#F8766D	6	78.4	S048	Biology
48	#F8766D	7	91	S048	Biology
48	#F8766D	8	83	S048	Biology
49	#F8766D	1	62.8	S049	Biology
49	#F8766D	2	68.5	S049	Biology
49	#F8766D	3	84.3	S049	Biology
49	#F8766D	4	67.1	S049	Biology
49	#F8766D	5	81.1	S049	Biology
49	#F8766D	6	81.9	S049	Biology
49	#F8766D	7	77.8	S049	Biology
49	#F8766D	8	87.4	S049	Biology
50	#F8766D	1	82.2	S050	Biology
50	#F8766D	2	83.6	S050	Biology
50	#F8766D	3	80.9	S050	Biology
50	#F8766D	4	88.5	S050	Biology
50	#F8766D	5	88.2	S050	Biology
50	#F8766D	6	98.8	S050	Biology
50	#F8766D	7	94.2	S050	Biology
50	#F8766D	8	86.9	S050	Biology
51	#B79F00	1	64.1	S001	Chemistry
51	#B79F00	2	66.2	S001	Chemistry
51	#B79F00	3	72.7	S001	Chemistry
51	#B79F00	4	78.8	S001	Chemistry
51	#B79F00	5	74.5	S001	Chemistry
51	#B79F00	6	77	S001	Chemistry
51	#B79F00	7	86.3	S001	Chemistry
51	#B79F00	8	87.1	S001	Chemistry
52	#B79F00	1	64.5	S002	Chemistry
52	#B79F00	2	71.1	S002	Chemistry
52	#B79F00	3	71.9	S002	Chemistry
52	#B79F00	4	72	S002	Chemistry
52	#B79F00	5	85.5	S002	Chemistry
52	#B79F00	6	70.1	S002	Chemistry
52	#B79F00	7	73.8	S002	Chemistry
52	#B79F00	8	87	S002	Chemistry
53	#B79F00	1	70.9	S003	Chemistry
53	#B79F00	2	56.6	S003	Chemistry
53	#B79F00	3	72.6	S003	Chemistry
53	#B79F00	4	64.6	S003	Chemistry
53	#B79F00	5	60.8	S003	Chemistry
53	#B79F00	6	69.1	S003	Chemistry
53	#B79F00	7	72.8	S003	Chemistry
53	#B79F00	8	73.6	S003	Chemistry
54	#B79F00	1	64.1	S004	Chemistry
54	#B79F00	2	48.5	S004	Chemistry
54	#B79F00	3	61.7	S004	Chemistry
54	#B79F00	4	62.5	S004	Chemistry
54	#B79F00	5	69.8	S004	Chemistry
54	#B79F00	6	69.6	S004	Chemistry
54	#B79F00	7	67.5	S004	Chemistry
54	#B79F00	8	77.2	S004	Chemistry
55	#B79F00	1	67.7	S005	Chemistry
55	#B79F00	2	77.4	S005	Chemistry
55	#B79F00	3	81.1	S005	Chemistry
55	#B79F00	4	88.9	S005	Chemistry
55	#B79F00	5	79.2	S005	Chemistry
55	#B79F00	6	82.1	S005	Chemistry
55	#B79F00	7	85.4	S005	Chemistry
55	#B79F00	8	80.9	S005	Chemistry
56	#B79F00	1	58.2	S006	Chemistry
56	#B79F00	2	79.7	S006	Chemistry
56	#B79F00	3	74.9	S006	Chemistry
56	#B79F00	4	77.3	S006	Chemistry
56	#B79F00	5	86.1	S006	Chemistry
56	#B79F00	6	86.3	S006	Chemistry
56	#B79F00	7	79.1	S006	Chemistry
56	#B79F00	8	86.3	S006	Chemistry
57	#B79F00	1	67	S007	Chemistry
57	#B79F00	2	69.7	S007	Chemistry
57	#B79F00	3	68.9	S007	Chemistry
57	#B79F00	4	74.1	S007	Chemistry
57	#B79F00	5	83.7	S007	Chemistry
57	#B79F00	6	73.1	S007	Chemistry
57	#B79F00	7	64.7	S007	Chemistry
57	#B79F00	8	75.8	S007	Chemistry
58	#B79F00	1	57.2	S008	Chemistry
58	#B79F00	2	64.4	S008	Chemistry
58	#B79F00	3	63.5	S008	Chemistry
58	#B79F00	4	61.4	S008	Chemistry
58	#B79F00	5	73.2	S008	Chemistry
58	#B79F00	6	65.8	S008	Chemistry
58	#B79F00	7	69.2	S008	Chemistry
58	#B79F00	8	77.2	S008	Chemistry
59	#B79F00	1	44.2	S009	Chemistry
59	#B79F00	2	43.7	S009	Chemistry
59	#B79F00	3	45.8	S009	Chemistry
59	#B79F00	4	57.5	S009	Chemistry
59	#B79F00	5	52.7	S009	Chemistry
59	#B79F00	6	55.5	S009	Chemistry
59	#B79F00	7	65.2	S009	Chemistry
59	#B79F00	8	58.2	S009	Chemistry
60	#B79F00	1	50.2	S010	Chemistry
60	#B79F00	2	56.9	S010	Chemistry
60	#B79F00	3	64.6	S010	Chemistry
60	#B79F00	4	59.8	S010	Chemistry
60	#B79F00	5	57.6	S010	Chemistry
60	#B79F00	6	53.2	S010	Chemistry
60	#B79F00	7	51.4	S010	Chemistry
60	#B79F00	8	62.7	S010	Chemistry
61	#B79F00	1	52	S011	Chemistry
61	#B79F00	2	48.5	S011	Chemistry
61	#B79F00	3	42.3	S011	Chemistry
61	#B79F00	4	50.4	S011	Chemistry
61	#B79F00	5	47.7	S011	Chemistry
61	#B79F00	6	52.7	S011	Chemistry
61	#B79F00	7	54.5	S011	Chemistry
61	#B79F00	8	59.5	S011	Chemistry
62	#B79F00	1	64.7	S012	Chemistry
62	#B79F00	2	69.9	S012	Chemistry
62	#B79F00	3	67.9	S012	Chemistry
62	#B79F00	4	70.3	S012	Chemistry
62	#B79F00	5	65.8	S012	Chemistry
62	#B79F00	6	78.1	S012	Chemistry
62	#B79F00	7	78.6	S012	Chemistry
62	#B79F00	8	82.3	S012	Chemistry
63	#B79F00	1	68.3	S013	Chemistry
63	#B79F00	2	73	S013	Chemistry
63	#B79F00	3	63.2	S013	Chemistry
63	#B79F00	4	69.5	S013	Chemistry
63	#B79F00	5	86.5	S013	Chemistry
63	#B79F00	6	71.9	S013	Chemistry
63	#B79F00	7	81.3	S013	Chemistry
63	#B79F00	8	82.4	S013	Chemistry
64	#B79F00	1	70.7	S014	Chemistry
64	#B79F00	2	70.8	S014	Chemistry
64	#B79F00	3	65.9	S014	Chemistry
64	#B79F00	4	60	S014	Chemistry
64	#B79F00	5	73.1	S014	Chemistry
64	#B79F00	6	67.2	S014	Chemistry
64	#B79F00	7	69.1	S014	Chemistry
64	#B79F00	8	73.8	S014	Chemistry
65	#B79F00	1	37.3	S015	Chemistry
65	#B79F00	2	35.5	S015	Chemistry
65	#B79F00	3	33.3	S015	Chemistry
65	#B79F00	4	32.3	S015	Chemistry
65	#B79F00	5	36.7	S015	Chemistry
65	#B79F00	6	31.8	S015	Chemistry
65	#B79F00	7	33.5	S015	Chemistry
65	#B79F00	8	31.7	S015	Chemistry
66	#B79F00	1	55.4	S016	Chemistry
66	#B79F00	2	60.3	S016	Chemistry
66	#B79F00	3	58.5	S016	Chemistry
66	#B79F00	4	67.4	S016	Chemistry
66	#B79F00	5	63.9	S016	Chemistry
66	#B79F00	6	72	S016	Chemistry
66	#B79F00	7	67.9	S016	Chemistry
66	#B79F00	8	69.3	S016	Chemistry
67	#B79F00	1	51.4	S017	Chemistry
67	#B79F00	2	53.4	S017	Chemistry
67	#B79F00	3	52.9	S017	Chemistry
67	#B79F00	4	54.7	S017	Chemistry
67	#B79F00	5	60.4	S017	Chemistry
67	#B79F00	6	63.2	S017	Chemistry
67	#B79F00	7	68	S017	Chemistry
67	#B79F00	8	68	S017	Chemistry
68	#B79F00	1	55.9	S018	Chemistry
68	#B79F00	2	73	S018	Chemistry
68	#B79F00	3	69.9	S018	Chemistry
68	#B79F00	4	71.2	S018	Chemistry
68	#B79F00	5	72.4	S018	Chemistry
68	#B79F00	6	80.7	S018	Chemistry
68	#B79F00	7	78.1	S018	Chemistry
68	#B79F00	8	81.1	S018	Chemistry
69	#B79F00	1	50.1	S019	Chemistry
69	#B79F00	2	55.2	S019	Chemistry
69	#B79F00	3	33.4	S019	Chemistry
69	#B79F00	4	48.7	S019	Chemistry
69	#B79F00	5	45.5	S019	Chemistry
69	#B79F00	6	47.6	S019	Chemistry
69	#B79F00	7	52	S019	Chemistry
69	#B79F00	8	57.3	S019	Chemistry
70	#B79F00	1	50.9	S020	Chemistry
70	#B79F00	2	39	S020	Chemistry
70	#B79F00	3	42.5	S020	Chemistry
70	#B79F00	4	52.9	S020	Chemistry
70	#B79F00	5	43.6	S020	Chemistry
70	#B79F00	6	47.7	S020	Chemistry
70	#B79F00	7	52.6	S020	Chemistry
70	#B79F00	8	53.5	S020	Chemistry
71	#B79F00	1	69.6	S021	Chemistry
71	#B79F00	2	77.3	S021	Chemistry
71	#B79F00	3	73	S021	Chemistry
71	#B79F00	4	68.2	S021	Chemistry
71	#B79F00	5	78.7	S021	Chemistry
71	#B79F00	6	84	S021	Chemistry
71	#B79F00	7	85.2	S021	Chemistry
71	#B79F00	8	84.5	S021	Chemistry
72	#B79F00	1	67.8	S022	Chemistry
72	#B79F00	2	64.1	S022	Chemistry
72	#B79F00	3	70.9	S022	Chemistry
72	#B79F00	4	66.7	S022	Chemistry
72	#B79F00	5	67.1	S022	Chemistry
72	#B79F00	6	78.5	S022	Chemistry
72	#B79F00	7	73.3	S022	Chemistry
72	#B79F00	8	72.6	S022	Chemistry
73	#B79F00	1	68	S023	Chemistry
73	#B79F00	2	70.9	S023	Chemistry
73	#B79F00	3	72.4	S023	Chemistry
73	#B79F00	4	82.2	S023	Chemistry
73	#B79F00	5	86.7	S023	Chemistry
73	#B79F00	6	80.1	S023	Chemistry
73	#B79F00	7	81.8	S023	Chemistry
73	#B79F00	8	77.6	S023	Chemistry
74	#B79F00	1	58.9	S024	Chemistry
74	#B79F00	2	59.7	S024	Chemistry
74	#B79F00	3	61.8	S024	Chemistry
74	#B79F00	4	66.1	S024	Chemistry
74	#B79F00	5	60.3	S024	Chemistry
74	#B79F00	6	70.5	S024	Chemistry
74	#B79F00	7	70	S024	Chemistry
74	#B79F00	8	68.9	S024	Chemistry
75	#B79F00	1	66	S025	Chemistry
75	#B79F00	2	64.9	S025	Chemistry
75	#B79F00	3	66.2	S025	Chemistry
75	#B79F00	4	76.8	S025	Chemistry
75	#B79F00	5	68	S025	Chemistry
75	#B79F00	6	75.1	S025	Chemistry
75	#B79F00	7	76.7	S025	Chemistry
75	#B79F00	8	77.1	S025	Chemistry
76	#B79F00	1	50.3	S026	Chemistry
76	#B79F00	2	46.4	S026	Chemistry
76	#B79F00	3	52.9	S026	Chemistry
76	#B79F00	4	54.2	S026	Chemistry
76	#B79F00	5	50.7	S026	Chemistry
76	#B79F00	6	45.6	S026	Chemistry
76	#B79F00	7	54.8	S026	Chemistry
76	#B79F00	8	59.7	S026	Chemistry
77	#B79F00	1	65	S027	Chemistry
77	#B79F00	2	60.5	S027	Chemistry
77	#B79F00	3	56.9	S027	Chemistry
77	#B79F00	4	63.9	S027	Chemistry
77	#B79F00	5	66	S027	Chemistry
77	#B79F00	6	65.2	S027	Chemistry
77	#B79F00	7	76.9	S027	Chemistry
77	#B79F00	8	76	S027	Chemistry
78	#B79F00	1	67.7	S028	Chemistry
78	#B79F00	2	65.2	S028	Chemistry
78	#B79F00	3	65.4	S028	Chemistry
78	#B79F00	4	72.9	S028	Chemistry
78	#B79F00	5	70.1	S028	Chemistry
78	#B79F00	6	82.3	S028	Chemistry
78	#B79F00	7	77.1	S028	Chemistry
78	#B79F00	8	77.6	S028	Chemistry
79	#B79F00	1	43	S029	Chemistry
79	#B79F00	2	38.7	S029	Chemistry
79	#B79F00	3	46	S029	Chemistry
79	#B79F00	4	49.1	S029	Chemistry
79	#B79F00	5	46.8	S029	Chemistry
79	#B79F00	6	50.4	S029	Chemistry
79	#B79F00	7	56.6	S029	Chemistry
79	#B79F00	8	56.9	S029	Chemistry
80	#B79F00	1	57	S030	Chemistry
80	#B79F00	2	64.2	S030	Chemistry
80	#B79F00	3	66.4	S030	Chemistry
80	#B79F00	4	60.8	S030	Chemistry
80	#B79F00	5	66.6	S030	Chemistry
80	#B79F00	6	60.6	S030	Chemistry
80	#B79F00	7	75.1	S030	Chemistry
80	#B79F00	8	69.4	S030	Chemistry
81	#B79F00	1	49.1	S031	Chemistry
81	#B79F00	2	49.1	S031	Chemistry
81	#B79F00	3	50.3	S031	Chemistry
81	#B79F00	4	59.3	S031	Chemistry
81	#B79F00	5	49.4	S031	Chemistry
81	#B79F00	6	53.2	S031	Chemistry
81	#B79F00	7	59.7	S031	Chemistry
81	#B79F00	8	58.8	S031	Chemistry
82	#B79F00	1	58	S032	Chemistry
82	#B79F00	2	55.7	S032	Chemistry
82	#B79F00	3	67.7	S032	Chemistry
82	#B79F00	4	63.6	S032	Chemistry
82	#B79F00	5	69.1	S032	Chemistry
82	#B79F00	6	62.5	S032	Chemistry
82	#B79F00	7	68.4	S032	Chemistry
82	#B79F00	8	75.1	S032	Chemistry
83	#B79F00	1	58.3	S033	Chemistry
83	#B79F00	2	53.5	S033	Chemistry
83	#B79F00	3	58.1	S033	Chemistry
83	#B79F00	4	65	S033	Chemistry
83	#B79F00	5	60.3	S033	Chemistry
83	#B79F00	6	68.7	S033	Chemistry
83	#B79F00	7	62.5	S033	Chemistry
83	#B79F00	8	71.7	S033	Chemistry
84	#B79F00	1	68.7	S034	Chemistry
84	#B79F00	2	77	S034	Chemistry
84	#B79F00	3	73.2	S034	Chemistry
84	#B79F00	4	78.9	S034	Chemistry
84	#B79F00	5	76.7	S034	Chemistry
84	#B79F00	6	88	S034	Chemistry
84	#B79F00	7	81.1	S034	Chemistry
84	#B79F00	8	86.4	S034	Chemistry
85	#B79F00	1	53.1	S035	Chemistry
85	#B79F00	2	52.6	S035	Chemistry
85	#B79F00	3	60.3	S035	Chemistry
85	#B79F00	4	61	S035	Chemistry
85	#B79F00	5	58	S035	Chemistry
85	#B79F00	6	59	S035	Chemistry
85	#B79F00	7	72.6	S035	Chemistry
85	#B79F00	8	68.4	S035	Chemistry
86	#B79F00	1	67.7	S036	Chemistry
86	#B79F00	2	67.6	S036	Chemistry
86	#B79F00	3	63.2	S036	Chemistry
86	#B79F00	4	77.8	S036	Chemistry
86	#B79F00	5	70.5	S036	Chemistry
86	#B79F00	6	74.6	S036	Chemistry
86	#B79F00	7	81.1	S036	Chemistry
86	#B79F00	8	87.2	S036	Chemistry
87	#B79F00	1	68.4	S037	Chemistry
87	#B79F00	2	64.2	S037	Chemistry
87	#B79F00	3	59.1	S037	Chemistry
87	#B79F00	4	66.9	S037	Chemistry
87	#B79F00	5	67.1	S037	Chemistry
87	#B79F00	6	72.2	S037	Chemistry
87	#B79F00	7	71.1	S037	Chemistry
87	#B79F00	8	74.3	S037	Chemistry
88	#B79F00	1	53.3	S038	Chemistry
88	#B79F00	2	58.3	S038	Chemistry
88	#B79F00	3	59.1	S038	Chemistry
88	#B79F00	4	60.1	S038	Chemistry
88	#B79F00	5	59.9	S038	Chemistry
88	#B79F00	6	72.6	S038	Chemistry
88	#B79F00	7	76.1	S038	Chemistry
88	#B79F00	8	69.7	S038	Chemistry
89	#B79F00	1	50.9	S039	Chemistry
89	#B79F00	2	53.8	S039	Chemistry
89	#B79F00	3	61	S039	Chemistry
89	#B79F00	4	65.6	S039	Chemistry
89	#B79F00	5	61.2	S039	Chemistry
89	#B79F00	6	60.6	S039	Chemistry
89	#B79F00	7	61.9	S039	Chemistry
89	#B79F00	8	75.6	S039	Chemistry
90	#B79F00	1	66.7	S040	Chemistry
90	#B79F00	2	71.3	S040	Chemistry
90	#B79F00	3	66.9	S040	Chemistry
90	#B79F00	4	72.2	S040	Chemistry
90	#B79F00	5	72.7	S040	Chemistry
90	#B79F00	6	78	S040	Chemistry
90	#B79F00	7	67.7	S040	Chemistry
90	#B79F00	8	80.3	S040	Chemistry
91	#B79F00	1	48.3	S041	Chemistry
91	#B79F00	2	53.2	S041	Chemistry
91	#B79F00	3	58.3	S041	Chemistry
91	#B79F00	4	48.9	S041	Chemistry
91	#B79F00	5	60.5	S041	Chemistry
91	#B79F00	6	59.8	S041	Chemistry
91	#B79F00	7	54.6	S041	Chemistry
91	#B79F00	8	64.1	S041	Chemistry
92	#B79F00	1	54.7	S042	Chemistry
92	#B79F00	2	61.3	S042	Chemistry
92	#B79F00	3	60.2	S042	Chemistry
92	#B79F00	4	71.3	S042	Chemistry
92	#B79F00	5	72.6	S042	Chemistry
92	#B79F00	6	66	S042	Chemistry
92	#B79F00	7	66.7	S042	Chemistry
92	#B79F00	8	72.5	S042	Chemistry
93	#B79F00	1	67.7	S043	Chemistry
93	#B79F00	2	68.9	S043	Chemistry
93	#B79F00	3	76.8	S043	Chemistry
93	#B79F00	4	68.4	S043	Chemistry
93	#B79F00	5	79.4	S043	Chemistry
93	#B79F00	6	75.5	S043	Chemistry
93	#B79F00	7	78.1	S043	Chemistry
93	#B79F00	8	77.1	S043	Chemistry
94	#B79F00	1	85.1	S044	Chemistry
94	#B79F00	2	80.7	S044	Chemistry
94	#B79F00	3	86.1	S044	Chemistry
94	#B79F00	4	86.1	S044	Chemistry
94	#B79F00	5	87.7	S044	Chemistry
94	#B79F00	6	91.4	S044	Chemistry
94	#B79F00	7	93.8	S044	Chemistry
94	#B79F00	8	90.7	S044	Chemistry
95	#B79F00	1	54.5	S045	Chemistry
95	#B79F00	2	45.8	S045	Chemistry
95	#B79F00	3	47.4	S045	Chemistry
95	#B79F00	4	49.5	S045	Chemistry
95	#B79F00	5	58.3	S045	Chemistry
95	#B79F00	6	56.8	S045	Chemistry
95	#B79F00	7	61.8	S045	Chemistry
95	#B79F00	8	62.6	S045	Chemistry
96	#B79F00	1	64.2	S046	Chemistry
96	#B79F00	2	64	S046	Chemistry
96	#B79F00	3	80.7	S046	Chemistry
96	#B79F00	4	65	S046	Chemistry
96	#B79F00	5	70.9	S046	Chemistry
96	#B79F00	6	70.9	S046	Chemistry
96	#B79F00	7	70.7	S046	Chemistry
96	#B79F00	8	77.9	S046	Chemistry
97	#B79F00	1	69.6	S047	Chemistry
97	#B79F00	2	62.3	S047	Chemistry
97	#B79F00	3	72.4	S047	Chemistry
97	#B79F00	4	66.7	S047	Chemistry
97	#B79F00	5	65.9	S047	Chemistry
97	#B79F00	6	66.4	S047	Chemistry
97	#B79F00	7	76.1	S047	Chemistry
97	#B79F00	8	71	S047	Chemistry
98	#B79F00	1	69.1	S048	Chemistry
98	#B79F00	2	73.4	S048	Chemistry
98	#B79F00	3	76.4	S048	Chemistry
98	#B79F00	4	66.4	S048	Chemistry
98	#B79F00	5	76.7	S048	Chemistry
98	#B79F00	6	70.6	S048	Chemistry
98	#B79F00	7	84.6	S048	Chemistry
98	#B79F00	8	74.3	S048	Chemistry
99	#B79F00	1	77.9	S049	Chemistry
99	#B79F00	2	60.8	S049	Chemistry
99	#B79F00	3	66.1	S049	Chemistry
99	#B79F00	4	73.5	S049	Chemistry
99	#B79F00	5	72.8	S049	Chemistry
99	#B79F00	6	75.8	S049	Chemistry
99	#B79F00	7	80.4	S049	Chemistry
99	#B79F00	8	81.5	S049	Chemistry
100	#B79F00	1	70.3	S050	Chemistry
100	#B79F00	2	84.2	S050	Chemistry
100	#B79F00	3	89.3	S050	Chemistry
100	#B79F00	4	76.1	S050	Chemistry
100	#B79F00	5	94.9	S050	Chemistry
100	#B79F00	6	93	S050	Chemistry
100	#B79F00	7	87.8	S050	Chemistry
100	#B79F00	8	95.5	S050	Chemistry
101	#00BA38	1	82.5	S001	English
101	#00BA38	2	79.4	S001	English
101	#00BA38	3	79.5	S001	English
101	#00BA38	4	77.8	S001	English
101	#00BA38	5	87.9	S001	English
101	#00BA38	6	85.2	S001	English
101	#00BA38	7	98.6	S001	English
101	#00BA38	8	81.4	S001	English
102	#00BA38	1	69.5	S002	English
102	#00BA38	2	72.7	S002	English
102	#00BA38	3	72.8	S002	English
102	#00BA38	4	78.5	S002	English
102	#00BA38	5	71.7	S002	English
102	#00BA38	6	77.9	S002	English
102	#00BA38	7	91.5	S002	English
102	#00BA38	8	83.8	S002	English
103	#00BA38	1	68.1	S003	English
103	#00BA38	2	67.1	S003	English
103	#00BA38	3	75.2	S003	English
103	#00BA38	4	66.7	S003	English
103	#00BA38	5	72.2	S003	English
103	#00BA38	6	68.5	S003	English
103	#00BA38	7	70.7	S003	English
103	#00BA38	8	73.4	S003	English
104	#00BA38	1	60.5	S004	English
104	#00BA38	2	62.8	S004	English
104	#00BA38	3	64.1	S004	English
104	#00BA38	4	75.2	S004	English
104	#00BA38	5	80.9	S004	English
104	#00BA38	6	69.6	S004	English
104	#00BA38	7	72.8	S004	English
104	#00BA38	8	75.6	S004	English
105	#00BA38	1	76.9	S005	English
105	#00BA38	2	76.5	S005	English
105	#00BA38	3	71.5	S005	English
105	#00BA38	4	80.6	S005	English
105	#00BA38	5	84.3	S005	English
105	#00BA38	6	85.2	S005	English
105	#00BA38	7	92.6	S005	English
105	#00BA38	8	82.9	S005	English
106	#00BA38	1	69.1	S006	English
106	#00BA38	2	80.1	S006	English
106	#00BA38	3	83.1	S006	English
106	#00BA38	4	80.2	S006	English
106	#00BA38	5	87	S006	English
106	#00BA38	6	90	S006	English
106	#00BA38	7	92.1	S006	English
106	#00BA38	8	92	S006	English
107	#00BA38	1	70.1	S007	English
107	#00BA38	2	62.9	S007	English
107	#00BA38	3	81	S007	English
107	#00BA38	4	76.1	S007	English
107	#00BA38	5	77.9	S007	English
107	#00BA38	6	74.8	S007	English
107	#00BA38	7	77.8	S007	English
107	#00BA38	8	85.9	S007	English
108	#00BA38	1	61.9	S008	English
108	#00BA38	2	72.4	S008	English
108	#00BA38	3	62.7	S008	English
108	#00BA38	4	69.2	S008	English
108	#00BA38	5	81.9	S008	English
108	#00BA38	6	70.3	S008	English
108	#00BA38	7	73.6	S008	English
108	#00BA38	8	85.5	S008	English
109	#00BA38	1	54.5	S009	English
109	#00BA38	2	52.3	S009	English
109	#00BA38	3	53.9	S009	English
109	#00BA38	4	56.6	S009	English
109	#00BA38	5	57.3	S009	English
109	#00BA38	6	59.6	S009	English
109	#00BA38	7	65.3	S009	English
109	#00BA38	8	59.4	S009	English
110	#00BA38	1	47	S010	English
110	#00BA38	2	57.4	S010	English
110	#00BA38	3	54.4	S010	English
110	#00BA38	4	56.3	S010	English
110	#00BA38	5	58.9	S010	English
110	#00BA38	6	63.8	S010	English
110	#00BA38	7	63.1	S010	English
110	#00BA38	8	59.9	S010	English
111	#00BA38	1	46.1	S011	English
111	#00BA38	2	56	S011	English
111	#00BA38	3	45.6	S011	English
111	#00BA38	4	55.2	S011	English
111	#00BA38	5	53	S011	English
111	#00BA38	6	58.8	S011	English
111	#00BA38	7	62.7	S011	English
111	#00BA38	8	62	S011	English
112	#00BA38	1	67	S012	English
112	#00BA38	2	80.5	S012	English
112	#00BA38	3	65.7	S012	English
112	#00BA38	4	78	S012	English
112	#00BA38	5	74	S012	English
112	#00BA38	6	78	S012	English
112	#00BA38	7	84	S012	English
112	#00BA38	8	80.3	S012	English
113	#00BA38	1	75	S013	English
113	#00BA38	2	71.2	S013	English
113	#00BA38	3	73.2	S013	English
113	#00BA38	4	78.3	S013	English
113	#00BA38	5	82	S013	English
113	#00BA38	6	78.2	S013	English
113	#00BA38	7	87.2	S013	English
113	#00BA38	8	89.8	S013	English
114	#00BA38	1	63.1	S014	English
114	#00BA38	2	68.4	S014	English
114	#00BA38	3	72.1	S014	English
114	#00BA38	4	73.4	S014	English
114	#00BA38	5	86.6	S014	English
114	#00BA38	6	74.5	S014	English
114	#00BA38	7	84.6	S014	English
114	#00BA38	8	80	S014	English
115	#00BA38	1	38.1	S015	English
115	#00BA38	2	36.1	S015	English
115	#00BA38	3	37.3	S015	English
115	#00BA38	4	31	S015	English
115	#00BA38	5	43.6	S015	English
115	#00BA38	6	43.2	S015	English
115	#00BA38	7	36.5	S015	English
115	#00BA38	8	43.2	S015	English
116	#00BA38	1	65.6	S016	English
116	#00BA38	2	65.8	S016	English
116	#00BA38	3	64.8	S016	English
116	#00BA38	4	68.3	S016	English
116	#00BA38	5	68.7	S016	English
116	#00BA38	6	59.8	S016	English
116	#00BA38	7	74.6	S016	English
116	#00BA38	8	87.2	S016	English
117	#00BA38	1	52.4	S017	English
117	#00BA38	2	56.3	S017	English
117	#00BA38	3	64.5	S017	English
117	#00BA38	4	48.1	S017	English
117	#00BA38	5	63.3	S017	English
117	#00BA38	6	64.7	S017	English
117	#00BA38	7	64.4	S017	English
117	#00BA38	8	58.2	S017	English
118	#00BA38	1	72.2	S018	English
118	#00BA38	2	73.2	S018	English
118	#00BA38	3	72	S018	English
118	#00BA38	4	73.8	S018	English
118	#00BA38	5	73.3	S018	English
118	#00BA38	6	72.8	S018	English
118	#00BA38	7	78.7	S018	English
118	#00BA38	8	76.3	S018	English
119	#00BA38	1	50.6	S019	English
119	#00BA38	2	50.8	S019	English
119	#00BA38	3	48.2	S019	English
119	#00BA38	4	56.1	S019	English
119	#00BA38	5	56.9	S019	English
119	#00BA38	6	64.4	S019	English
119	#00BA38	7	53.4	S019	English
119	#00BA38	8	62.9	S019	English
120	#00BA38	1	48.5	S020	English
120	#00BA38	2	36.6	S020	English
120	#00BA38	3	48.1	S020	English
120	#00BA38	4	55.9	S020	English
120	#00BA38	5	57.1	S020	English
120	#00BA38	6	54.7	S020	English
120	#00BA38	7	52.5	S020	English
120	#00BA38	8	53	S020	English
121	#00BA38	1	79.9	S021	English
121	#00BA38	2	72.4	S021	English
121	#00BA38	3	84.9	S021	English
121	#00BA38	4	88.5	S021	English
121	#00BA38	5	80.1	S021	English
121	#00BA38	6	86.3	S021	English
121	#00BA38	7	82.4	S021	English
121	#00BA38	8	91.7	S021	English
122	#00BA38	1	66.3	S022	English
122	#00BA38	2	64.4	S022	English
122	#00BA38	3	74.8	S022	English
122	#00BA38	4	75.4	S022	English
122	#00BA38	5	66	S022	English
122	#00BA38	6	66.9	S022	English
122	#00BA38	7	75.3	S022	English
122	#00BA38	8	85.6	S022	English
123	#00BA38	1	67.7	S023	English
123	#00BA38	2	80.5	S023	English
123	#00BA38	3	77.4	S023	English
123	#00BA38	4	77.8	S023	English
123	#00BA38	5	81.7	S023	English
123	#00BA38	6	90.4	S023	English
123	#00BA38	7	80.2	S023	English
123	#00BA38	8	89.1	S023	English
124	#00BA38	1	57.8	S024	English
124	#00BA38	2	56.5	S024	English
124	#00BA38	3	61.6	S024	English
124	#00BA38	4	73.7	S024	English
124	#00BA38	5	68.9	S024	English
124	#00BA38	6	75.3	S024	English
124	#00BA38	7	83.4	S024	English
124	#00BA38	8	83.4	S024	English
125	#00BA38	1	70.8	S025	English
125	#00BA38	2	74.1	S025	English
125	#00BA38	3	80.1	S025	English
125	#00BA38	4	78.6	S025	English
125	#00BA38	5	75.5	S025	English
125	#00BA38	6	77.4	S025	English
125	#00BA38	7	88.7	S025	English
125	#00BA38	8	83.8	S025	English
126	#00BA38	1	48.7	S026	English
126	#00BA38	2	58.2	S026	English
126	#00BA38	3	63	S026	English
126	#00BA38	4	57.3	S026	English
126	#00BA38	5	62.3	S026	English
126	#00BA38	6	54.9	S026	English
126	#00BA38	7	59.8	S026	English
126	#00BA38	8	58.6	S026	English
127	#00BA38	1	59.7	S027	English
127	#00BA38	2	62	S027	English
127	#00BA38	3	63.7	S027	English
127	#00BA38	4	68.4	S027	English
127	#00BA38	5	74.9	S027	English
127	#00BA38	6	69.7	S027	English
127	#00BA38	7	73.8	S027	English
127	#00BA38	8	65.7	S027	English
128	#00BA38	1	62.9	S028	English
128	#00BA38	2	72	S028	English
128	#00BA38	3	76.1	S028	English
128	#00BA38	4	82	S028	English
128	#00BA38	5	77.4	S028	English
128	#00BA38	6	86.2	S028	English
128	#00BA38	7	87.4	S028	English
128	#00BA38	8	89.7	S028	English
129	#00BA38	1	38.8	S029	English
129	#00BA38	2	51.2	S029	English
129	#00BA38	3	47.5	S029	English
129	#00BA38	4	53.6	S029	English
129	#00BA38	5	57.1	S029	English
129	#00BA38	6	57.1	S029	English
129	#00BA38	7	56.9	S029	English
129	#00BA38	8	58.6	S029	English
130	#00BA38	1	62.3	S030	English
130	#00BA38	2	57.7	S030	English
130	#00BA38	3	63.8	S030	English
130	#00BA38	4	65.1	S030	English
130	#00BA38	5	74.3	S030	English
130	#00BA38	6	75.9	S030	English
130	#00BA38	7	73.1	S030	English
130	#00BA38	8	83.4	S030	English
131	#00BA38	1	52.9	S031	English
131	#00BA38	2	45.5	S031	English
131	#00BA38	3	57.7	S031	English
131	#00BA38	4	58.3	S031	English
131	#00BA38	5	55	S031	English
131	#00BA38	6	61.2	S031	English
131	#00BA38	7	56.2	S031	English
131	#00BA38	8	61.8	S031	English
132	#00BA38	1	61.9	S032	English
132	#00BA38	2	66.9	S032	English
132	#00BA38	3	55.1	S032	English
132	#00BA38	4	79	S032	English
132	#00BA38	5	78.1	S032	English
132	#00BA38	6	68.4	S032	English
132	#00BA38	7	64.1	S032	English
132	#00BA38	8	84.6	S032	English
133	#00BA38	1	65.8	S033	English
133	#00BA38	2	51.7	S033	English
133	#00BA38	3	61	S033	English
133	#00BA38	4	64.1	S033	English
133	#00BA38	5	68.4	S033	English
133	#00BA38	6	67	S033	English
133	#00BA38	7	70.2	S033	English
133	#00BA38	8	78.4	S033	English
134	#00BA38	1	77.2	S034	English
134	#00BA38	2	73.6	S034	English
134	#00BA38	3	81.2	S034	English
134	#00BA38	4	79.7	S034	English
134	#00BA38	5	81.1	S034	English
134	#00BA38	6	89.3	S034	English
134	#00BA38	7	93.6	S034	English
134	#00BA38	8	75	S034	English
135	#00BA38	1	62.1	S035	English
135	#00BA38	2	65	S035	English
135	#00BA38	3	66.3	S035	English
135	#00BA38	4	67.7	S035	English
135	#00BA38	5	64.8	S035	English
135	#00BA38	6	63.4	S035	English
135	#00BA38	7	68.4	S035	English
135	#00BA38	8	75.7	S035	English
136	#00BA38	1	65.9	S036	English
136	#00BA38	2	70.8	S036	English
136	#00BA38	3	74.8	S036	English
136	#00BA38	4	80.1	S036	English
136	#00BA38	5	79.6	S036	English
136	#00BA38	6	75.6	S036	English
136	#00BA38	7	86.7	S036	English
136	#00BA38	8	74.9	S036	English
137	#00BA38	1	63.5	S037	English
137	#00BA38	2	70.1	S037	English
137	#00BA38	3	73.7	S037	English
137	#00BA38	4	67.7	S037	English
137	#00BA38	5	69.7	S037	English
137	#00BA38	6	77.1	S037	English
137	#00BA38	7	78.1	S037	English
137	#00BA38	8	83.4	S037	English
138	#00BA38	1	59.4	S038	English
138	#00BA38	2	56.2	S038	English
138	#00BA38	3	70.3	S038	English
138	#00BA38	4	72.5	S038	English
138	#00BA38	5	66.7	S038	English
138	#00BA38	6	71.1	S038	English
138	#00BA38	7	73.5	S038	English
138	#00BA38	8	74.1	S038	English
139	#00BA38	1	63.8	S039	English
139	#00BA38	2	69.3	S039	English
139	#00BA38	3	65.5	S039	English
139	#00BA38	4	64.7	S039	English
139	#00BA38	5	62.2	S039	English
139	#00BA38	6	62.7	S039	English
139	#00BA38	7	71.2	S039	English
139	#00BA38	8	68	S039	English
140	#00BA38	1	80.9	S040	English
140	#00BA38	2	77.7	S040	English
140	#00BA38	3	76.9	S040	English
140	#00BA38	4	74.3	S040	English
140	#00BA38	5	82.4	S040	English
140	#00BA38	6	77.9	S040	English
140	#00BA38	7	81.5	S040	English
140	#00BA38	8	77.1	S040	English
141	#00BA38	1	51.8	S041	English
141	#00BA38	2	57.3	S041	English
141	#00BA38	3	57.3	S041	English
141	#00BA38	4	66.3	S041	English
141	#00BA38	5	65.6	S041	English
141	#00BA38	6	73.8	S041	English
141	#00BA38	7	65.3	S041	English
141	#00BA38	8	70.5	S041	English
142	#00BA38	1	68	S042	English
142	#00BA38	2	59.8	S042	English
142	#00BA38	3	75.2	S042	English
142	#00BA38	4	68.3	S042	English
142	#00BA38	5	84.1	S042	English
142	#00BA38	6	64.9	S042	English
142	#00BA38	7	76.7	S042	English
142	#00BA38	8	79	S042	English
143	#00BA38	1	77.2	S043	English
143	#00BA38	2	64.2	S043	English
143	#00BA38	3	70.3	S043	English
143	#00BA38	4	80.8	S043	English
143	#00BA38	5	77.3	S043	English
143	#00BA38	6	70.7	S043	English
143	#00BA38	7	69.9	S043	English
143	#00BA38	8	87.1	S043	English
144	#00BA38	1	81.6	S044	English
144	#00BA38	2	88.1	S044	English
144	#00BA38	3	82.6	S044	English
144	#00BA38	4	93.1	S044	English
144	#00BA38	5	91.1	S044	English
144	#00BA38	6	92.3	S044	English
144	#00BA38	7	93.6	S044	English
144	#00BA38	8	93.7	S044	English
145	#00BA38	1	53.7	S045	English
145	#00BA38	2	52.6	S045	English
145	#00BA38	3	61	S045	English
145	#00BA38	4	64.7	S045	English
145	#00BA38	5	51.9	S045	English
145	#00BA38	6	67.4	S045	English
145	#00BA38	7	68.2	S045	English
145	#00BA38	8	62.6	S045	English
146	#00BA38	1	68.8	S046	English
146	#00BA38	2	65.7	S046	English
146	#00BA38	3	59.8	S046	English
146	#00BA38	4	71.1	S046	English
146	#00BA38	5	64.9	S046	English
146	#00BA38	6	76	S046	English
146	#00BA38	7	76.9	S046	English
146	#00BA38	8	85.3	S046	English
147	#00BA38	1	73.9	S047	English
147	#00BA38	2	67.6	S047	English
147	#00BA38	3	72	S047	English
147	#00BA38	4	72.6	S047	English
147	#00BA38	5	76.4	S047	English
147	#00BA38	6	71.1	S047	English
147	#00BA38	7	76.4	S047	English
147	#00BA38	8	80	S047	English
148	#00BA38	1	64.5	S048	English
148	#00BA38	2	80.1	S048	English
148	#00BA38	3	86.1	S048	English
148	#00BA38	4	70.9	S048	English
148	#00BA38	5	80.5	S048	English
148	#00BA38	6	81.8	S048	English
148	#00BA38	7	90.1	S048	English
148	#00BA38	8	84.8	S048	English
149	#00BA38	1	64	S049	English
149	#00BA38	2	75	S049	English
149	#00BA38	3	80.7	S049	English
149	#00BA38	4	71.4	S049	English
149	#00BA38	5	81.5	S049	English
149	#00BA38	6	81.8	S049	English
149	#00BA38	7	76.5	S049	English
149	#00BA38	8	89.4	S049	English
150	#00BA38	1	84.1	S050	English
150	#00BA38	2	83.9	S050	English
150	#00BA38	3	87.6	S050	English
150	#00BA38	4	89.1	S050	English
150	#00BA38	5	87.2	S050	English
150	#00BA38	6	90.4	S050	English
150	#00BA38	7	94	S050	English
150	#00BA38	8	94.6	S050	English
151	#00BFC4	1	78.4	S001	History
151	#00BFC4	2	63.9	S001	History
151	#00BFC4	3	81.2	S001	History
151	#00BFC4	4	75.2	S001	History
151	#00BFC4	5	95.5	S001	History
151	#00BFC4	6	79.2	S001	History
151	#00BFC4	7	86.6	S001	History
151	#00BFC4	8	87.5	S001	History
152	#00BFC4	1	66.5	S002	History
152	#00BFC4	2	78.1	S002	History
152	#00BFC4	3	70.7	S002	History
152	#00BFC4	4	79.6	S002	History
152	#00BFC4	5	76.8	S002	History
152	#00BFC4	6	85.7	S002	History
152	#00BFC4	7	73.8	S002	History
152	#00BFC4	8	86.4	S002	History
153	#00BFC4	1	62.3	S003	History
153	#00BFC4	2	68.9	S003	History
153	#00BFC4	3	60	S003	History
153	#00BFC4	4	61.8	S003	History
153	#00BFC4	5	75.5	S003	History
153	#00BFC4	6	72.8	S003	History
153	#00BFC4	7	81.9	S003	History
153	#00BFC4	8	72.8	S003	History
154	#00BFC4	1	68.2	S004	History
154	#00BFC4	2	65.5	S004	History
154	#00BFC4	3	67.9	S004	History
154	#00BFC4	4	74.1	S004	History
154	#00BFC4	5	65.6	S004	History
154	#00BFC4	6	76.9	S004	History
154	#00BFC4	7	80.2	S004	History
154	#00BFC4	8	75.9	S004	History
155	#00BFC4	1	84.5	S005	History
155	#00BFC4	2	79.7	S005	History
155	#00BFC4	3	85.5	S005	History
155	#00BFC4	4	77.8	S005	History
155	#00BFC4	5	83.1	S005	History
155	#00BFC4	6	86.1	S005	History
155	#00BFC4	7	83.3	S005	History
155	#00BFC4	8	86.3	S005	History
156	#00BFC4	1	80.2	S006	History
156	#00BFC4	2	75.7	S006	History
156	#00BFC4	3	81.9	S006	History
156	#00BFC4	4	81.7	S006	History
156	#00BFC4	5	86.1	S006	History
156	#00BFC4	6	85.8	S006	History
156	#00BFC4	7	88.4	S006	History
156	#00BFC4	8	97.5	S006	History
157	#00BFC4	1	69.8	S007	History
157	#00BFC4	2	71.8	S007	History
157	#00BFC4	3	71	S007	History
157	#00BFC4	4	71.3	S007	History
157	#00BFC4	5	84.5	S007	History
157	#00BFC4	6	82.2	S007	History
157	#00BFC4	7	83.6	S007	History
157	#00BFC4	8	85.5	S007	History
158	#00BFC4	1	67.3	S008	History
158	#00BFC4	2	55.2	S008	History
158	#00BFC4	3	66.5	S008	History
158	#00BFC4	4	70.2	S008	History
158	#00BFC4	5	70.5	S008	History
158	#00BFC4	6	71	S008	History
158	#00BFC4	7	85.5	S008	History
158	#00BFC4	8	77.9	S008	History
159	#00BFC4	1	53.7	S009	History
159	#00BFC4	2	54.3	S009	History
159	#00BFC4	3	56.9	S009	History
159	#00BFC4	4	62	S009	History
159	#00BFC4	5	69.2	S009	History
159	#00BFC4	6	57	S009	History
159	#00BFC4	7	59.4	S009	History
159	#00BFC4	8	64.2	S009	History
160	#00BFC4	1	60.4	S010	History
160	#00BFC4	2	53.3	S010	History
160	#00BFC4	3	67.3	S010	History
160	#00BFC4	4	62.3	S010	History
160	#00BFC4	5	68.7	S010	History
160	#00BFC4	6	66.5	S010	History
160	#00BFC4	7	64.6	S010	History
160	#00BFC4	8	74.6	S010	History
161	#00BFC4	1	50.2	S011	History
161	#00BFC4	2	44.1	S011	History
161	#00BFC4	3	51.9	S011	History
161	#00BFC4	4	56.8	S011	History
161	#00BFC4	5	58.6	S011	History
161	#00BFC4	6	69	S011	History
161	#00BFC4	7	57.8	S011	History
161	#00BFC4	8	64.7	S011	History
162	#00BFC4	1	63	S012	History
162	#00BFC4	2	77.7	S012	History
162	#00BFC4	3	72.5	S012	History
162	#00BFC4	4	79.1	S012	History
162	#00BFC4	5	84.6	S012	History
162	#00BFC4	6	72.4	S012	History
162	#00BFC4	7	84.5	S012	History
162	#00BFC4	8	85.2	S012	History
163	#00BFC4	1	65.3	S013	History
163	#00BFC4	2	72.1	S013	History
163	#00BFC4	3	71.3	S013	History
163	#00BFC4	4	76.7	S013	History
163	#00BFC4	5	80.5	S013	History
163	#00BFC4	6	79.8	S013	History
163	#00BFC4	7	89.9	S013	History
163	#00BFC4	8	93.2	S013	History
164	#00BFC4	1	63.6	S014	History
164	#00BFC4	2	77.9	S014	History
164	#00BFC4	3	75.1	S014	History
164	#00BFC4	4	73.5	S014	History
164	#00BFC4	5	72.4	S014	History
164	#00BFC4	6	72.1	S014	History
164	#00BFC4	7	80.8	S014	History
164	#00BFC4	8	84.9	S014	History
165	#00BFC4	1	46.9	S015	History
165	#00BFC4	2	36.7	S015	History
165	#00BFC4	3	35.8	S015	History
165	#00BFC4	4	51	S015	History
165	#00BFC4	5	39.3	S015	History
165	#00BFC4	6	45	S015	History
165	#00BFC4	7	40	S015	History
165	#00BFC4	8	50.1	S015	History
166	#00BFC4	1	61.4	S016	History
166	#00BFC4	2	61.2	S016	History
166	#00BFC4	3	63.9	S016	History
166	#00BFC4	4	71.8	S016	History
166	#00BFC4	5	69.7	S016	History
166	#00BFC4	6	80.4	S016	History
166	#00BFC4	7	79.7	S016	History
166	#00BFC4	8	80.4	S016	History
167	#00BFC4	1	55.5	S017	History
167	#00BFC4	2	62.1	S017	History
167	#00BFC4	3	62.8	S017	History
167	#00BFC4	4	65.9	S017	History
167	#00BFC4	5	72.6	S017	History
167	#00BFC4	6	74.3	S017	History
167	#00BFC4	7	72.2	S017	History
167	#00BFC4	8	74.5	S017	History
168	#00BFC4	1	69.7	S018	History
168	#00BFC4	2	82.9	S018	History
168	#00BFC4	3	74.6	S018	History
168	#00BFC4	4	73.6	S018	History
168	#00BFC4	5	74.7	S018	History
168	#00BFC4	6	81.3	S018	History
168	#00BFC4	7	81.1	S018	History
168	#00BFC4	8	79.6	S018	History
169	#00BFC4	1	54.2	S019	History
169	#00BFC4	2	51.2	S019	History
169	#00BFC4	3	53	S019	History
169	#00BFC4	4	47.9	S019	History
169	#00BFC4	5	60.1	S019	History
169	#00BFC4	6	55.2	S019	History
169	#00BFC4	7	61.1	S019	History
169	#00BFC4	8	64.4	S019	History
170	#00BFC4	1	41.7	S020	History
170	#00BFC4	2	47.6	S020	History
170	#00BFC4	3	50.9	S020	History
170	#00BFC4	4	45.4	S020	History
170	#00BFC4	5	54.9	S020	History
170	#00BFC4	6	56.4	S020	History
170	#00BFC4	7	56.5	S020	History
170	#00BFC4	8	55	S020	History
171	#00BFC4	1	71.1	S021	History
171	#00BFC4	2	82.5	S021	History
171	#00BFC4	3	81.3	S021	History
171	#00BFC4	4	93.1	S021	History
171	#00BFC4	5	88.5	S021	History
171	#00BFC4	6	84.6	S021	History
171	#00BFC4	7	92.4	S021	History
171	#00BFC4	8	86.7	S021	History
172	#00BFC4	1	69.2	S022	History
172	#00BFC4	2	64.8	S022	History
172	#00BFC4	3	75.2	S022	History
172	#00BFC4	4	75.6	S022	History
172	#00BFC4	5	71.9	S022	History
172	#00BFC4	6	78.7	S022	History
172	#00BFC4	7	80.7	S022	History
172	#00BFC4	8	83.6	S022	History
173	#00BFC4	1	77.4	S023	History
173	#00BFC4	2	75.7	S023	History
173	#00BFC4	3	84.5	S023	History
173	#00BFC4	4	76.5	S023	History
173	#00BFC4	5	93.9	S023	History
173	#00BFC4	6	99	S023	History
173	#00BFC4	7	90.1	S023	History
173	#00BFC4	8	87.9	S023	History
174	#00BFC4	1	59.5	S024	History
174	#00BFC4	2	61.2	S024	History
174	#00BFC4	3	67.2	S024	History
174	#00BFC4	4	66.8	S024	History
174	#00BFC4	5	79.9	S024	History
174	#00BFC4	6	77.4	S024	History
174	#00BFC4	7	79.8	S024	History
174	#00BFC4	8	76.2	S024	History
175	#00BFC4	1	82.3	S025	History
175	#00BFC4	2	70	S025	History
175	#00BFC4	3	70.4	S025	History
175	#00BFC4	4	73.9	S025	History
175	#00BFC4	5	63.5	S025	History
175	#00BFC4	6	77.8	S025	History
175	#00BFC4	7	87.5	S025	History
175	#00BFC4	8	84.1	S025	History
176	#00BFC4	1	48.7	S026	History
176	#00BFC4	2	56	S026	History
176	#00BFC4	3	51.6	S026	History
176	#00BFC4	4	64.3	S026	History
176	#00BFC4	5	59.3	S026	History
176	#00BFC4	6	69.6	S026	History
176	#00BFC4	7	60.8	S026	History
176	#00BFC4	8	63.8	S026	History
177	#00BFC4	1	58.7	S027	History
177	#00BFC4	2	64.4	S027	History
177	#00BFC4	3	59.6	S027	History
177	#00BFC4	4	70.9	S027	History
177	#00BFC4	5	79.4	S027	History
177	#00BFC4	6	79.9	S027	History
177	#00BFC4	7	76.9	S027	History
177	#00BFC4	8	77.5	S027	History
178	#00BFC4	1	75.3	S028	History
178	#00BFC4	2	68.1	S028	History
178	#00BFC4	3	79.9	S028	History
178	#00BFC4	4	79.3	S028	History
178	#00BFC4	5	87.2	S028	History
178	#00BFC4	6	82.4	S028	History
178	#00BFC4	7	83.1	S028	History
178	#00BFC4	8	88.5	S028	History
179	#00BFC4	1	34.7	S029	History
179	#00BFC4	2	45.6	S029	History
179	#00BFC4	3	53.3	S029	History
179	#00BFC4	4	49.7	S029	History
179	#00BFC4	5	54.6	S029	History
179	#00BFC4	6	54.7	S029	History
179	#00BFC4	7	69.5	S029	History
179	#00BFC4	8	62.5	S029	History
180	#00BFC4	1	62.1	S030	History
180	#00BFC4	2	65.1	S030	History
180	#00BFC4	3	75.5	S030	History
180	#00BFC4	4	71.4	S030	History
180	#00BFC4	5	71.8	S030	History
180	#00BFC4	6	78.5	S030	History
180	#00BFC4	7	72.1	S030	History
180	#00BFC4	8	78.3	S030	History
181	#00BFC4	1	51	S031	History
181	#00BFC4	2	45.7	S031	History
181	#00BFC4	3	51.3	S031	History
181	#00BFC4	4	59.8	S031	History
181	#00BFC4	5	58.9	S031	History
181	#00BFC4	6	56.2	S031	History
181	#00BFC4	7	69.2	S031	History
181	#00BFC4	8	61.3	S031	History
182	#00BFC4	1	58.6	S032	History
182	#00BFC4	2	58.7	S032	History
182	#00BFC4	3	71.3	S032	History
182	#00BFC4	4	68.3	S032	History
182	#00BFC4	5	63.9	S032	History
182	#00BFC4	6	72.6	S032	History
182	#00BFC4	7	75.7	S032	History
182	#00BFC4	8	77.8	S032	History
183	#00BFC4	1	66.6	S033	History
183	#00BFC4	2	53.5	S033	History
183	#00BFC4	3	57.6	S033	History
183	#00BFC4	4	65.4	S033	History
183	#00BFC4	5	64	S033	History
183	#00BFC4	6	67.6	S033	History
183	#00BFC4	7	76.1	S033	History
183	#00BFC4	8	79	S033	History
184	#00BFC4	1	74.7	S034	History
184	#00BFC4	2	77.4	S034	History
184	#00BFC4	3	85.4	S034	History
184	#00BFC4	4	84	S034	History
184	#00BFC4	5	81.4	S034	History
184	#00BFC4	6	82.1	S034	History
184	#00BFC4	7	90.2	S034	History
184	#00BFC4	8	93.1	S034	History
185	#00BFC4	1	65.7	S035	History
185	#00BFC4	2	58	S035	History
185	#00BFC4	3	74.9	S035	History
185	#00BFC4	4	66.3	S035	History
185	#00BFC4	5	75.6	S035	History
185	#00BFC4	6	64.1	S035	History
185	#00BFC4	7	75.8	S035	History
185	#00BFC4	8	67.8	S035	History
186	#00BFC4	1	61.3	S036	History
186	#00BFC4	2	77.1	S036	History
186	#00BFC4	3	73.9	S036	History
186	#00BFC4	4	70.4	S036	History
186	#00BFC4	5	79.7	S036	History
186	#00BFC4	6	85.8	S036	History
186	#00BFC4	7	79.2	S036	History
186	#00BFC4	8	85.2	S036	History
187	#00BFC4	1	75.2	S037	History
187	#00BFC4	2	64.8	S037	History
187	#00BFC4	3	79.1	S037	History
187	#00BFC4	4	72.4	S037	History
187	#00BFC4	5	78.5	S037	History
187	#00BFC4	6	74.4	S037	History
187	#00BFC4	7	81.1	S037	History
187	#00BFC4	8	87.8	S037	History
188	#00BFC4	1	49.7	S038	History
188	#00BFC4	2	65.6	S038	History
188	#00BFC4	3	65	S038	History
188	#00BFC4	4	62.5	S038	History
188	#00BFC4	5	66.4	S038	History
188	#00BFC4	6	72.6	S038	History
188	#00BFC4	7	69.7	S038	History
188	#00BFC4	8	85.1	S038	History
189	#00BFC4	1	59.3	S039	History
189	#00BFC4	2	62.2	S039	History
189	#00BFC4	3	59	S039	History
189	#00BFC4	4	61.2	S039	History
189	#00BFC4	5	61	S039	History
189	#00BFC4	6	73.2	S039	History
189	#00BFC4	7	73.9	S039	History
189	#00BFC4	8	62.2	S039	History
190	#00BFC4	1	71.5	S040	History
190	#00BFC4	2	78.3	S040	History
190	#00BFC4	3	69.9	S040	History
190	#00BFC4	4	67.5	S040	History
190	#00BFC4	5	77.1	S040	History
190	#00BFC4	6	83	S040	History
190	#00BFC4	7	86.3	S040	History
190	#00BFC4	8	75.7	S040	History
191	#00BFC4	1	53	S041	History
191	#00BFC4	2	54.4	S041	History
191	#00BFC4	3	56	S041	History
191	#00BFC4	4	70.8	S041	History
191	#00BFC4	5	59.1	S041	History
191	#00BFC4	6	64.2	S041	History
191	#00BFC4	7	58.6	S041	History
191	#00BFC4	8	68.4	S041	History
192	#00BFC4	1	57	S042	History
192	#00BFC4	2	64.4	S042	History
192	#00BFC4	3	75.2	S042	History
192	#00BFC4	4	72.9	S042	History
192	#00BFC4	5	69	S042	History
192	#00BFC4	6	67.8	S042	History
192	#00BFC4	7	86.1	S042	History
192	#00BFC4	8	87.6	S042	History
193	#00BFC4	1	71.6	S043	History
193	#00BFC4	2	75.5	S043	History
193	#00BFC4	3	69.4	S043	History
193	#00BFC4	4	80.2	S043	History
193	#00BFC4	5	79.2	S043	History
193	#00BFC4	6	88	S043	History
193	#00BFC4	7	89.2	S043	History
193	#00BFC4	8	87.5	S043	History
194	#00BFC4	1	84.9	S044	History
194	#00BFC4	2	90.5	S044	History
194	#00BFC4	3	86.9	S044	History
194	#00BFC4	4	94.2	S044	History
194	#00BFC4	5	100	S044	History
194	#00BFC4	6	99.1	S044	History
194	#00BFC4	7	98.1	S044	History
194	#00BFC4	8	97.2	S044	History
195	#00BFC4	1	56.7	S045	History
195	#00BFC4	2	56	S045	History
195	#00BFC4	3	58.9	S045	History
195	#00BFC4	4	55.3	S045	History
195	#00BFC4	5	58.2	S045	History
195	#00BFC4	6	67.5	S045	History
195	#00BFC4	7	69.6	S045	History
195	#00BFC4	8	60.6	S045	History
196	#00BFC4	1	73.9	S046	History
196	#00BFC4	2	61.8	S046	History
196	#00BFC4	3	76.5	S046	History
196	#00BFC4	4	71.8	S046	History
196	#00BFC4	5	76.8	S046	History
196	#00BFC4	6	81.6	S046	History
196	#00BFC4	7	72.3	S046	History
196	#00BFC4	8	73.1	S046	History
197	#00BFC4	1	62.5	S047	History
197	#00BFC4	2	65.6	S047	History
197	#00BFC4	3	72.1	S047	History
197	#00BFC4	4	68.3	S047	History
197	#00BFC4	5	66.8	S047	History
197	#00BFC4	6	77.6	S047	History
197	#00BFC4	7	83.1	S047	History
197	#00BFC4	8	71.1	S047	History
198	#00BFC4	1	74.1	S048	History
198	#00BFC4	2	83.7	S048	History
198	#00BFC4	3	77.7	S048	History
198	#00BFC4	4	69.1	S048	History
198	#00BFC4	5	84.2	S048	History
198	#00BFC4	6	82.2	S048	History
198	#00BFC4	7	76.8	S048	History
198	#00BFC4	8	82.8	S048	History
199	#00BFC4	1	65.7	S049	History
199	#00BFC4	2	70.9	S049	History
199	#00BFC4	3	70.6	S049	History
199	#00BFC4	4	77.6	S049	History
199	#00BFC4	5	81.6	S049	History
199	#00BFC4	6	84.7	S049	History
199	#00BFC4	7	81.5	S049	History
199	#00BFC4	8	86.6	S049	History
200	#00BFC4	1	90.9	S050	History
200	#00BFC4	2	76.2	S050	History
200	#00BFC4	3	91.5	S050	History
200	#00BFC4	4	91.9	S050	History
200	#00BFC4	5	95.6	S050	History
200	#00BFC4	6	100	S050	History
200	#00BFC4	7	86.6	S050	History
200	#00BFC4	8	100	S050	History
201	#619CFF	1	64	S001	Mathematics
201	#619CFF	2	66.8	S001	Mathematics
201	#619CFF	3	75.7	S001	Mathematics
201	#619CFF	4	81.2	S001	Mathematics
201	#619CFF	5	77.1	S001	Mathematics
201	#619CFF	6	68.6	S001	Mathematics
201	#619CFF	7	87.9	S001	Mathematics
201	#619CFF	8	79.6	S001	Mathematics
202	#619CFF	1	57.9	S002	Mathematics
202	#619CFF	2	67.7	S002	Mathematics
202	#619CFF	3	61.5	S002	Mathematics
202	#619CFF	4	75	S002	Mathematics
202	#619CFF	5	75	S002	Mathematics
202	#619CFF	6	69.2	S002	Mathematics
202	#619CFF	7	82.6	S002	Mathematics
202	#619CFF	8	71	S002	Mathematics
203	#619CFF	1	52.7	S003	Mathematics
203	#619CFF	2	61.5	S003	Mathematics
203	#619CFF	3	57.9	S003	Mathematics
203	#619CFF	4	52.2	S003	Mathematics
203	#619CFF	5	52.8	S003	Mathematics
203	#619CFF	6	60.4	S003	Mathematics
203	#619CFF	7	60	S003	Mathematics
203	#619CFF	8	71.8	S003	Mathematics
204	#619CFF	1	49.7	S004	Mathematics
204	#619CFF	2	53.1	S004	Mathematics
204	#619CFF	3	57.5	S004	Mathematics
204	#619CFF	4	63.8	S004	Mathematics
204	#619CFF	5	62.4	S004	Mathematics
204	#619CFF	6	54	S004	Mathematics
204	#619CFF	7	61.4	S004	Mathematics
204	#619CFF	8	65.3	S004	Mathematics
205	#619CFF	1	65.2	S005	Mathematics
205	#619CFF	2	60.4	S005	Mathematics
205	#619CFF	3	75.3	S005	Mathematics
205	#619CFF	4	71	S005	Mathematics
205	#619CFF	5	71.7	S005	Mathematics
205	#619CFF	6	66.5	S005	Mathematics
205	#619CFF	7	89.5	S005	Mathematics
205	#619CFF	8	77.8	S005	Mathematics
206	#619CFF	1	62.8	S006	Mathematics
206	#619CFF	2	69.4	S006	Mathematics
206	#619CFF	3	79.4	S006	Mathematics
206	#619CFF	4	68	S006	Mathematics
206	#619CFF	5	77.4	S006	Mathematics
206	#619CFF	6	73.1	S006	Mathematics
206	#619CFF	7	78.7	S006	Mathematics
206	#619CFF	8	85.3	S006	Mathematics
207	#619CFF	1	66.8	S007	Mathematics
207	#619CFF	2	68	S007	Mathematics
207	#619CFF	3	63.1	S007	Mathematics
207	#619CFF	4	70.2	S007	Mathematics
207	#619CFF	5	76.4	S007	Mathematics
207	#619CFF	6	63.4	S007	Mathematics
207	#619CFF	7	71	S007	Mathematics
207	#619CFF	8	74.2	S007	Mathematics
208	#619CFF	1	54.5	S008	Mathematics
208	#619CFF	2	61.8	S008	Mathematics
208	#619CFF	3	58.2	S008	Mathematics
208	#619CFF	4	60.8	S008	Mathematics
208	#619CFF	5	62.6	S008	Mathematics
208	#619CFF	6	68.2	S008	Mathematics
208	#619CFF	7	72	S008	Mathematics
208	#619CFF	8	72.8	S008	Mathematics
209	#619CFF	1	49.8	S009	Mathematics
209	#619CFF	2	52.6	S009	Mathematics
209	#619CFF	3	47.8	S009	Mathematics
209	#619CFF	4	51.1	S009	Mathematics
209	#619CFF	5	53.7	S009	Mathematics
209	#619CFF	6	57.5	S009	Mathematics
209	#619CFF	7	61.6	S009	Mathematics
209	#619CFF	8	63	S009	Mathematics
210	#619CFF	1	45.6	S010	Mathematics
210	#619CFF	2	42.3	S010	Mathematics
210	#619CFF	3	49.9	S010	Mathematics
210	#619CFF	4	56.7	S010	Mathematics
210	#619CFF	5	52.3	S010	Mathematics
210	#619CFF	6	53.2	S010	Mathematics
210	#619CFF	7	63	S010	Mathematics
210	#619CFF	8	61.6	S010	Mathematics
211	#619CFF	1	48.2	S011	Mathematics
211	#619CFF	2	41.1	S011	Mathematics
211	#619CFF	3	47.2	S011	Mathematics
211	#619CFF	4	51.5	S011	Mathematics
211	#619CFF	5	42.5	S011	Mathematics
211	#619CFF	6	46.1	S011	Mathematics
211	#619CFF	7	52.4	S011	Mathematics
211	#619CFF	8	52	S011	Mathematics
212	#619CFF	1	66	S012	Mathematics
212	#619CFF	2	66.4	S012	Mathematics
212	#619CFF	3	62.8	S012	Mathematics
212	#619CFF	4	63.6	S012	Mathematics
212	#619CFF	5	66.2	S012	Mathematics
212	#619CFF	6	71.9	S012	Mathematics
212	#619CFF	7	74.6	S012	Mathematics
212	#619CFF	8	78	S012	Mathematics
213	#619CFF	1	68	S013	Mathematics
213	#619CFF	2	63.6	S013	Mathematics
213	#619CFF	3	70.1	S013	Mathematics
213	#619CFF	4	75	S013	Mathematics
213	#619CFF	5	66	S013	Mathematics
213	#619CFF	6	81.5	S013	Mathematics
213	#619CFF	7	84.7	S013	Mathematics
213	#619CFF	8	72.7	S013	Mathematics
214	#619CFF	1	60.8	S014	Mathematics
214	#619CFF	2	58.7	S014	Mathematics
214	#619CFF	3	68.2	S014	Mathematics
214	#619CFF	4	56.3	S014	Mathematics
214	#619CFF	5	59.6	S014	Mathematics
214	#619CFF	6	68.3	S014	Mathematics
214	#619CFF	7	71.8	S014	Mathematics
214	#619CFF	8	73.5	S014	Mathematics
215	#619CFF	1	32.5	S015	Mathematics
215	#619CFF	2	35.6	S015	Mathematics
215	#619CFF	3	40	S015	Mathematics
215	#619CFF	4	38.2	S015	Mathematics
215	#619CFF	5	32.1	S015	Mathematics
215	#619CFF	6	34.5	S015	Mathematics
215	#619CFF	7	33.1	S015	Mathematics
215	#619CFF	8	34.5	S015	Mathematics
216	#619CFF	1	54.9	S016	Mathematics
216	#619CFF	2	54.9	S016	Mathematics
216	#619CFF	3	62.1	S016	Mathematics
216	#619CFF	4	59.8	S016	Mathematics
216	#619CFF	5	69.4	S016	Mathematics
216	#619CFF	6	68.6	S016	Mathematics
216	#619CFF	7	69.1	S016	Mathematics
216	#619CFF	8	77	S016	Mathematics
217	#619CFF	1	37.7	S017	Mathematics
217	#619CFF	2	50.6	S017	Mathematics
217	#619CFF	3	48.1	S017	Mathematics
217	#619CFF	4	51.9	S017	Mathematics
217	#619CFF	5	53.5	S017	Mathematics
217	#619CFF	6	59.5	S017	Mathematics
217	#619CFF	7	57.6	S017	Mathematics
217	#619CFF	8	66	S017	Mathematics
218	#619CFF	1	65.1	S018	Mathematics
218	#619CFF	2	64.1	S018	Mathematics
218	#619CFF	3	69.8	S018	Mathematics
218	#619CFF	4	69.3	S018	Mathematics
218	#619CFF	5	66.5	S018	Mathematics
218	#619CFF	6	71.9	S018	Mathematics
218	#619CFF	7	60.1	S018	Mathematics
218	#619CFF	8	79.3	S018	Mathematics
219	#619CFF	1	43.4	S019	Mathematics
219	#619CFF	2	45.9	S019	Mathematics
219	#619CFF	3	44.6	S019	Mathematics
219	#619CFF	4	38	S019	Mathematics
219	#619CFF	5	47.2	S019	Mathematics
219	#619CFF	6	54.4	S019	Mathematics
219	#619CFF	7	56.7	S019	Mathematics
219	#619CFF	8	53.3	S019	Mathematics
220	#619CFF	1	31.7	S020	Mathematics
220	#619CFF	2	35.3	S020	Mathematics
220	#619CFF	3	38.9	S020	Mathematics
220	#619CFF	4	34.8	S020	Mathematics
220	#619CFF	5	49.7	S020	Mathematics
220	#619CFF	6	38	S020	Mathematics
220	#619CFF	7	50.8	S020	Mathematics
220	#619CFF	8	58	S020	Mathematics
221	#619CFF	1	74.1	S021	Mathematics
221	#619CFF	2	79.1	S021	Mathematics
221	#619CFF	3	74.9	S021	Mathematics
221	#619CFF	4	79.3	S021	Mathematics
221	#619CFF	5	76	S021	Mathematics
221	#619CFF	6	82.4	S021	Mathematics
221	#619CFF	7	80.3	S021	Mathematics
221	#619CFF	8	78.6	S021	Mathematics
222	#619CFF	1	54.1	S022	Mathematics
222	#619CFF	2	60	S022	Mathematics
222	#619CFF	3	63.5	S022	Mathematics
222	#619CFF	4	63.3	S022	Mathematics
222	#619CFF	5	71.4	S022	Mathematics
222	#619CFF	6	70.5	S022	Mathematics
222	#619CFF	7	63.3	S022	Mathematics
222	#619CFF	8	62.9	S022	Mathematics
223	#619CFF	1	68.9	S023	Mathematics
223	#619CFF	2	67.4	S023	Mathematics
223	#619CFF	3	70.1	S023	Mathematics
223	#619CFF	4	68.1	S023	Mathematics
223	#619CFF	5	87.6	S023	Mathematics
223	#619CFF	6	81.4	S023	Mathematics
223	#619CFF	7	76.7	S023	Mathematics
223	#619CFF	8	78.5	S023	Mathematics
224	#619CFF	1	55.2	S024	Mathematics
224	#619CFF	2	56.1	S024	Mathematics
224	#619CFF	3	55.1	S024	Mathematics
224	#619CFF	4	59.5	S024	Mathematics
224	#619CFF	5	67.9	S024	Mathematics
224	#619CFF	6	66.3	S024	Mathematics
224	#619CFF	7	71.3	S024	Mathematics
224	#619CFF	8	71.6	S024	Mathematics
225	#619CFF	1	62	S025	Mathematics
225	#619CFF	2	63.2	S025	Mathematics
225	#619CFF	3	62.8	S025	Mathematics
225	#619CFF	4	69.5	S025	Mathematics
225	#619CFF	5	69.3	S025	Mathematics
225	#619CFF	6	73.1	S025	Mathematics
225	#619CFF	7	72.1	S025	Mathematics
225	#619CFF	8	75.5	S025	Mathematics
226	#619CFF	1	40	S026	Mathematics
226	#619CFF	2	42.9	S026	Mathematics
226	#619CFF	3	41.1	S026	Mathematics
226	#619CFF	4	48.7	S026	Mathematics
226	#619CFF	5	56.6	S026	Mathematics
226	#619CFF	6	47.8	S026	Mathematics
226	#619CFF	7	57.2	S026	Mathematics
226	#619CFF	8	60.6	S026	Mathematics
227	#619CFF	1	62.9	S027	Mathematics
227	#619CFF	2	56.8	S027	Mathematics
227	#619CFF	3	59.6	S027	Mathematics
227	#619CFF	4	63	S027	Mathematics
227	#619CFF	5	62.4	S027	Mathematics
227	#619CFF	6	69.7	S027	Mathematics
227	#619CFF	7	77.2	S027	Mathematics
227	#619CFF	8	77.6	S027	Mathematics
228	#619CFF	1	67.3	S028	Mathematics
228	#619CFF	2	63.5	S028	Mathematics
228	#619CFF	3	67.6	S028	Mathematics
228	#619CFF	4	75.6	S028	Mathematics
228	#619CFF	5	74.3	S028	Mathematics
228	#619CFF	6	73.3	S028	Mathematics
228	#619CFF	7	76.4	S028	Mathematics
228	#619CFF	8	82.3	S028	Mathematics
229	#619CFF	1	31.2	S029	Mathematics
229	#619CFF	2	50.1	S029	Mathematics
229	#619CFF	3	43.4	S029	Mathematics
229	#619CFF	4	38.2	S029	Mathematics
229	#619CFF	5	40.9	S029	Mathematics
229	#619CFF	6	36.2	S029	Mathematics
229	#619CFF	7	47.4	S029	Mathematics
229	#619CFF	8	47.2	S029	Mathematics
230	#619CFF	1	56	S030	Mathematics
230	#619CFF	2	53.7	S030	Mathematics
230	#619CFF	3	52.9	S030	Mathematics
230	#619CFF	4	51.9	S030	Mathematics
230	#619CFF	5	58.4	S030	Mathematics
230	#619CFF	6	63.3	S030	Mathematics
230	#619CFF	7	66.3	S030	Mathematics
230	#619CFF	8	67.5	S030	Mathematics
231	#619CFF	1	36.4	S031	Mathematics
231	#619CFF	2	45.5	S031	Mathematics
231	#619CFF	3	46	S031	Mathematics
231	#619CFF	4	41.7	S031	Mathematics
231	#619CFF	5	49	S031	Mathematics
231	#619CFF	6	58.9	S031	Mathematics
231	#619CFF	7	59.3	S031	Mathematics
231	#619CFF	8	56.1	S031	Mathematics
232	#619CFF	1	58.7	S032	Mathematics
232	#619CFF	2	54.5	S032	Mathematics
232	#619CFF	3	60.3	S032	Mathematics
232	#619CFF	4	60.9	S032	Mathematics
232	#619CFF	5	55.4	S032	Mathematics
232	#619CFF	6	58	S032	Mathematics
232	#619CFF	7	68.6	S032	Mathematics
232	#619CFF	8	65.1	S032	Mathematics
233	#619CFF	1	56.3	S033	Mathematics
233	#619CFF	2	55.3	S033	Mathematics
233	#619CFF	3	57.4	S033	Mathematics
233	#619CFF	4	56.2	S033	Mathematics
233	#619CFF	5	65.8	S033	Mathematics
233	#619CFF	6	60.5	S033	Mathematics
233	#619CFF	7	62.9	S033	Mathematics
233	#619CFF	8	67.2	S033	Mathematics
234	#619CFF	1	60.3	S034	Mathematics
234	#619CFF	2	71.2	S034	Mathematics
234	#619CFF	3	87.7	S034	Mathematics
234	#619CFF	4	66.4	S034	Mathematics
234	#619CFF	5	73.5	S034	Mathematics
234	#619CFF	6	85.8	S034	Mathematics
234	#619CFF	7	78.4	S034	Mathematics
234	#619CFF	8	87.8	S034	Mathematics
235	#619CFF	1	52.8	S035	Mathematics
235	#619CFF	2	61.6	S035	Mathematics
235	#619CFF	3	58.9	S035	Mathematics
235	#619CFF	4	51.3	S035	Mathematics
235	#619CFF	5	71.2	S035	Mathematics
235	#619CFF	6	57.2	S035	Mathematics
235	#619CFF	7	65.1	S035	Mathematics
235	#619CFF	8	62.8	S035	Mathematics
236	#619CFF	1	66.4	S036	Mathematics
236	#619CFF	2	64.8	S036	Mathematics
236	#619CFF	3	63.7	S036	Mathematics
236	#619CFF	4	68.5	S036	Mathematics
236	#619CFF	5	75.6	S036	Mathematics
236	#619CFF	6	65.9	S036	Mathematics
236	#619CFF	7	76.1	S036	Mathematics
236	#619CFF	8	76	S036	Mathematics
237	#619CFF	1	59.5	S037	Mathematics
237	#619CFF	2	54.3	S037	Mathematics
237	#619CFF	3	67.6	S037	Mathematics
237	#619CFF	4	66.6	S037	Mathematics
237	#619CFF	5	78.4	S037	Mathematics
237	#619CFF	6	63.6	S037	Mathematics
237	#619CFF	7	75.9	S037	Mathematics
237	#619CFF	8	66.5	S037	Mathematics
238	#619CFF	1	50.8	S038	Mathematics
238	#619CFF	2	58.2	S038	Mathematics
238	#619CFF	3	56.3	S038	Mathematics
238	#619CFF	4	48.3	S038	Mathematics
238	#619CFF	5	50.1	S038	Mathematics
238	#619CFF	6	68	S038	Mathematics
238	#619CFF	7	64.1	S038	Mathematics
238	#619CFF	8	66.9	S038	Mathematics
239	#619CFF	1	50	S039	Mathematics
239	#619CFF	2	52.6	S039	Mathematics
239	#619CFF	3	52.5	S039	Mathematics
239	#619CFF	4	52.9	S039	Mathematics
239	#619CFF	5	57.3	S039	Mathematics
239	#619CFF	6	61.8	S039	Mathematics
239	#619CFF	7	56.2	S039	Mathematics
239	#619CFF	8	60.3	S039	Mathematics
240	#619CFF	1	65.4	S040	Mathematics
240	#619CFF	2	69.3	S040	Mathematics
240	#619CFF	3	59.4	S040	Mathematics
240	#619CFF	4	65.7	S040	Mathematics
240	#619CFF	5	72.5	S040	Mathematics
240	#619CFF	6	69.9	S040	Mathematics
240	#619CFF	7	70	S040	Mathematics
240	#619CFF	8	77.3	S040	Mathematics
241	#619CFF	1	42.1	S041	Mathematics
241	#619CFF	2	50.3	S041	Mathematics
241	#619CFF	3	50.6	S041	Mathematics
241	#619CFF	4	49.6	S041	Mathematics
241	#619CFF	5	56.4	S041	Mathematics
241	#619CFF	6	56	S041	Mathematics
241	#619CFF	7	54.4	S041	Mathematics
241	#619CFF	8	66.3	S041	Mathematics
242	#619CFF	1	54.3	S042	Mathematics
242	#619CFF	2	62.7	S042	Mathematics
242	#619CFF	3	59.7	S042	Mathematics
242	#619CFF	4	67	S042	Mathematics
242	#619CFF	5	52.6	S042	Mathematics
242	#619CFF	6	74.1	S042	Mathematics
242	#619CFF	7	67.7	S042	Mathematics
242	#619CFF	8	67.5	S042	Mathematics
243	#619CFF	1	58.4	S043	Mathematics
243	#619CFF	2	68.4	S043	Mathematics
243	#619CFF	3	70.1	S043	Mathematics
243	#619CFF	4	66.3	S043	Mathematics
243	#619CFF	5	73.2	S043	Mathematics
243	#619CFF	6	65.9	S043	Mathematics
243	#619CFF	7	76.6	S043	Mathematics
243	#619CFF	8	74.4	S043	Mathematics
244	#619CFF	1	80.2	S044	Mathematics
244	#619CFF	2	73	S044	Mathematics
244	#619CFF	3	85.7	S044	Mathematics
244	#619CFF	4	76.8	S044	Mathematics
244	#619CFF	5	79.6	S044	Mathematics
244	#619CFF	6	91.6	S044	Mathematics
244	#619CFF	7	88	S044	Mathematics
244	#619CFF	8	88.8	S044	Mathematics
245	#619CFF	1	47.8	S045	Mathematics
245	#619CFF	2	54.1	S045	Mathematics
245	#619CFF	3	52.9	S045	Mathematics
245	#619CFF	4	53.9	S045	Mathematics
245	#619CFF	5	55	S045	Mathematics
245	#619CFF	6	54	S045	Mathematics
245	#619CFF	7	49.9	S045	Mathematics
245	#619CFF	8	60.6	S045	Mathematics
246	#619CFF	1	48	S046	Mathematics
246	#619CFF	2	63.1	S046	Mathematics
246	#619CFF	3	58.3	S046	Mathematics
246	#619CFF	4	69.6	S046	Mathematics
246	#619CFF	5	76.6	S046	Mathematics
246	#619CFF	6	72.7	S046	Mathematics
246	#619CFF	7	70.5	S046	Mathematics
246	#619CFF	8	74	S046	Mathematics
247	#619CFF	1	54.5	S047	Mathematics
247	#619CFF	2	60.2	S047	Mathematics
247	#619CFF	3	62.3	S047	Mathematics
247	#619CFF	4	56.3	S047	Mathematics
247	#619CFF	5	71.1	S047	Mathematics
247	#619CFF	6	69.8	S047	Mathematics
247	#619CFF	7	57.6	S047	Mathematics
247	#619CFF	8	66.7	S047	Mathematics
248	#619CFF	1	57.8	S048	Mathematics
248	#619CFF	2	64.9	S048	Mathematics
248	#619CFF	3	76.1	S048	Mathematics
248	#619CFF	4	67.4	S048	Mathematics
248	#619CFF	5	65.6	S048	Mathematics
248	#619CFF	6	70.5	S048	Mathematics
248	#619CFF	7	73.4	S048	Mathematics
248	#619CFF	8	73.6	S048	Mathematics
249	#619CFF	1	63.2	S049	Mathematics
249	#619CFF	2	58.6	S049	Mathematics
249	#619CFF	3	76.1	S049	Mathematics
249	#619CFF	4	62.3	S049	Mathematics
249	#619CFF	5	73.8	S049	Mathematics
249	#619CFF	6	77.4	S049	Mathematics
249	#619CFF	7	79.9	S049	Mathematics
249	#619CFF	8	82.1	S049	Mathematics
250	#619CFF	1	82.2	S050	Mathematics
250	#619CFF	2	77.5	S050	Mathematics
250	#619CFF	3	72.5	S050	Mathematics
250	#619CFF	4	86.3	S050	Mathematics
250	#619CFF	5	81.2	S050	Mathematics
250	#619CFF	6	83	S050	Mathematics
250	#619CFF	7	91	S050	Mathematics
250	#619CFF	8	91.1	S050	Mathematics
251	#F564E3	1	79.9	S001	Physics
251	#F564E3	2	80.8	S001	Physics
251	#F564E3	3	68	S001	Physics
251	#F564E3	4	74.6	S001	Physics
251	#F564E3	5	81.4	S001	Physics
251	#F564E3	6	81.4	S001	Physics
251	#F564E3	7	84.9	S001	Physics
251	#F564E3	8	83.9	S001	Physics
252	#F564E3	1	65.9	S002	Physics
252	#F564E3	2	69.6	S002	Physics
252	#F564E3	3	73.5	S002	Physics
252	#F564E3	4	67.2	S002	Physics
252	#F564E3	5	76.7	S002	Physics
252	#F564E3	6	82.8	S002	Physics
252	#F564E3	7	83.4	S002	Physics
252	#F564E3	8	74.7	S002	Physics
253	#F564E3	1	63.1	S003	Physics
253	#F564E3	2	60.9	S003	Physics
253	#F564E3	3	61.1	S003	Physics
253	#F564E3	4	59.4	S003	Physics
253	#F564E3	5	64.1	S003	Physics
253	#F564E3	6	62.8	S003	Physics
253	#F564E3	7	69.8	S003	Physics
253	#F564E3	8	66.6	S003	Physics
254	#F564E3	1	57.5	S004	Physics
254	#F564E3	2	54.7	S004	Physics
254	#F564E3	3	56	S004	Physics
254	#F564E3	4	61	S004	Physics
254	#F564E3	5	76.1	S004	Physics
254	#F564E3	6	63.6	S004	Physics
254	#F564E3	7	74	S004	Physics
254	#F564E3	8	62.4	S004	Physics
255	#F564E3	1	64.3	S005	Physics
255	#F564E3	2	77.4	S005	Physics
255	#F564E3	3	72	S005	Physics
255	#F564E3	4	75.6	S005	Physics
255	#F564E3	5	80.7	S005	Physics
255	#F564E3	6	75.9	S005	Physics
255	#F564E3	7	81.7	S005	Physics
255	#F564E3	8	85.1	S005	Physics
256	#F564E3	1	73.8	S006	Physics
256	#F564E3	2	63.6	S006	Physics
256	#F564E3	3	70.7	S006	Physics
256	#F564E3	4	74.2	S006	Physics
256	#F564E3	5	83.6	S006	Physics
256	#F564E3	6	77.8	S006	Physics
256	#F564E3	7	82.4	S006	Physics
256	#F564E3	8	87.7	S006	Physics
257	#F564E3	1	63.3	S007	Physics
257	#F564E3	2	67.6	S007	Physics
257	#F564E3	3	68.2	S007	Physics
257	#F564E3	4	66	S007	Physics
257	#F564E3	5	77.1	S007	Physics
257	#F564E3	6	78.6	S007	Physics
257	#F564E3	7	73.6	S007	Physics
257	#F564E3	8	88.1	S007	Physics
258	#F564E3	1	63.5	S008	Physics
258	#F564E3	2	59.2	S008	Physics
258	#F564E3	3	58.9	S008	Physics
258	#F564E3	4	56.7	S008	Physics
258	#F564E3	5	75.5	S008	Physics
258	#F564E3	6	61.9	S008	Physics
258	#F564E3	7	70.9	S008	Physics
258	#F564E3	8	78	S008	Physics
259	#F564E3	1	43.9	S009	Physics
259	#F564E3	2	50.4	S009	Physics
259	#F564E3	3	53.5	S009	Physics
259	#F564E3	4	54.7	S009	Physics
259	#F564E3	5	60.9	S009	Physics
259	#F564E3	6	55.8	S009	Physics
259	#F564E3	7	61.8	S009	Physics
259	#F564E3	8	55.4	S009	Physics
260	#F564E3	1	42.1	S010	Physics
260	#F564E3	2	53.3	S010	Physics
260	#F564E3	3	54.8	S010	Physics
260	#F564E3	4	50.6	S010	Physics
260	#F564E3	5	57.5	S010	Physics
260	#F564E3	6	49.3	S010	Physics
260	#F564E3	7	57.3	S010	Physics
260	#F564E3	8	61.9	S010	Physics
261	#F564E3	1	35.8	S011	Physics
261	#F564E3	2	51.3	S011	Physics
261	#F564E3	3	43.8	S011	Physics
261	#F564E3	4	50.8	S011	Physics
261	#F564E3	5	52.5	S011	Physics
261	#F564E3	6	47.5	S011	Physics
261	#F564E3	7	56.1	S011	Physics
261	#F564E3	8	60.2	S011	Physics
262	#F564E3	1	69.3	S012	Physics
262	#F564E3	2	66.1	S012	Physics
262	#F564E3	3	65.4	S012	Physics
262	#F564E3	4	72.9	S012	Physics
262	#F564E3	5	71.1	S012	Physics
262	#F564E3	6	75	S012	Physics
262	#F564E3	7	71.1	S012	Physics
262	#F564E3	8	79.4	S012	Physics
263	#F564E3	1	63.8	S013	Physics
263	#F564E3	2	73.4	S013	Physics
263	#F564E3	3	71.9	S013	Physics
263	#F564E3	4	67.7	S013	Physics
263	#F564E3	5	82.2	S013	Physics
263	#F564E3	6	84.8	S013	Physics
263	#F564E3	7	91.4	S013	Physics
263	#F564E3	8	83.2	S013	Physics
264	#F564E3	1	61.8	S014	Physics
264	#F564E3	2	67.6	S014	Physics
264	#F564E3	3	67.7	S014	Physics
264	#F564E3	4	66.6	S014	Physics
264	#F564E3	5	70.5	S014	Physics
264	#F564E3	6	76	S014	Physics
264	#F564E3	7	81.2	S014	Physics
264	#F564E3	8	73.6	S014	Physics
265	#F564E3	1	37.2	S015	Physics
265	#F564E3	2	32	S015	Physics
265	#F564E3	3	38.4	S015	Physics
265	#F564E3	4	34.1	S015	Physics
265	#F564E3	5	33.9	S015	Physics
265	#F564E3	6	39.9	S015	Physics
265	#F564E3	7	35.3	S015	Physics
265	#F564E3	8	41.7	S015	Physics
266	#F564E3	1	48.4	S016	Physics
266	#F564E3	2	59.9	S016	Physics
266	#F564E3	3	59.7	S016	Physics
266	#F564E3	4	59.8	S016	Physics
266	#F564E3	5	66.3	S016	Physics
266	#F564E3	6	69.1	S016	Physics
266	#F564E3	7	68.7	S016	Physics
266	#F564E3	8	69.7	S016	Physics
267	#F564E3	1	59.2	S017	Physics
267	#F564E3	2	46.3	S017	Physics
267	#F564E3	3	52.7	S017	Physics
267	#F564E3	4	59.7	S017	Physics
267	#F564E3	5	53.7	S017	Physics
267	#F564E3	6	66.5	S017	Physics
267	#F564E3	7	56.3	S017	Physics
267	#F564E3	8	58.6	S017	Physics
268	#F564E3	1	66.2	S018	Physics
268	#F564E3	2	61.5	S018	Physics
268	#F564E3	3	76.5	S018	Physics
268	#F564E3	4	66	S018	Physics
268	#F564E3	5	75.3	S018	Physics
268	#F564E3	6	74.9	S018	Physics
268	#F564E3	7	68.2	S018	Physics
268	#F564E3	8	73	S018	Physics
269	#F564E3	1	41.6	S019	Physics
269	#F564E3	2	37.1	S019	Physics
269	#F564E3	3	49.6	S019	Physics
269	#F564E3	4	41.3	S019	Physics
269	#F564E3	5	50.7	S019	Physics
269	#F564E3	6	55.9	S019	Physics
269	#F564E3	7	53.9	S019	Physics
269	#F564E3	8	60.5	S019	Physics
270	#F564E3	1	43.4	S020	Physics
270	#F564E3	2	43.9	S020	Physics
270	#F564E3	3	44	S020	Physics
270	#F564E3	4	45.9	S020	Physics
270	#F564E3	5	40.4	S020	Physics
270	#F564E3	6	52.7	S020	Physics
270	#F564E3	7	56.9	S020	Physics
270	#F564E3	8	56.9	S020	Physics
271	#F564E3	1	69.1	S021	Physics
271	#F564E3	2	63.8	S021	Physics
271	#F564E3	3	78.7	S021	Physics
271	#F564E3	4	76	S021	Physics
271	#F564E3	5	80.1	S021	Physics
271	#F564E3	6	84.4	S021	Physics
271	#F564E3	7	85.9	S021	Physics
271	#F564E3	8	89.8	S021	Physics
272	#F564E3	1	60.5	S022	Physics
272	#F564E3	2	72	S022	Physics
272	#F564E3	3	60.5	S022	Physics
272	#F564E3	4	65.9	S022	Physics
272	#F564E3	5	73.9	S022	Physics
272	#F564E3	6	68	S022	Physics
272	#F564E3	7	70.2	S022	Physics
272	#F564E3	8	69.9	S022	Physics
273	#F564E3	1	62.9	S023	Physics
273	#F564E3	2	70.9	S023	Physics
273	#F564E3	3	70.5	S023	Physics
273	#F564E3	4	66.7	S023	Physics
273	#F564E3	5	73.1	S023	Physics
273	#F564E3	6	75.6	S023	Physics
273	#F564E3	7	80.7	S023	Physics
273	#F564E3	8	87	S023	Physics
274	#F564E3	1	55.9	S024	Physics
274	#F564E3	2	56.7	S024	Physics
274	#F564E3	3	60.7	S024	Physics
274	#F564E3	4	61.6	S024	Physics
274	#F564E3	5	64.6	S024	Physics
274	#F564E3	6	65.6	S024	Physics
274	#F564E3	7	62.7	S024	Physics
274	#F564E3	8	79.7	S024	Physics
275	#F564E3	1	59.4	S025	Physics
275	#F564E3	2	69.2	S025	Physics
275	#F564E3	3	62.4	S025	Physics
275	#F564E3	4	68.7	S025	Physics
275	#F564E3	5	64.3	S025	Physics
275	#F564E3	6	84.3	S025	Physics
275	#F564E3	7	69.2	S025	Physics
275	#F564E3	8	76	S025	Physics
276	#F564E3	1	43.7	S026	Physics
276	#F564E3	2	44.1	S026	Physics
276	#F564E3	3	52.4	S026	Physics
276	#F564E3	4	48.5	S026	Physics
276	#F564E3	5	47.8	S026	Physics
276	#F564E3	6	51.4	S026	Physics
276	#F564E3	7	60.3	S026	Physics
276	#F564E3	8	61.1	S026	Physics
277	#F564E3	1	52.5	S027	Physics
277	#F564E3	2	67.1	S027	Physics
277	#F564E3	3	65.9	S027	Physics
277	#F564E3	4	58.6	S027	Physics
277	#F564E3	5	70.4	S027	Physics
277	#F564E3	6	60.9	S027	Physics
277	#F564E3	7	72.1	S027	Physics
277	#F564E3	8	68.5	S027	Physics
278	#F564E3	1	60.4	S028	Physics
278	#F564E3	2	60.9	S028	Physics
278	#F564E3	3	75.2	S028	Physics
278	#F564E3	4	80.6	S028	Physics
278	#F564E3	5	67.8	S028	Physics
278	#F564E3	6	74.4	S028	Physics
278	#F564E3	7	76.2	S028	Physics
278	#F564E3	8	80.6	S028	Physics
279	#F564E3	1	35.6	S029	Physics
279	#F564E3	2	44.5	S029	Physics
279	#F564E3	3	46.8	S029	Physics
279	#F564E3	4	53	S029	Physics
279	#F564E3	5	47.4	S029	Physics
279	#F564E3	6	37.2	S029	Physics
279	#F564E3	7	56.8	S029	Physics
279	#F564E3	8	57.6	S029	Physics
280	#F564E3	1	60.5	S030	Physics
280	#F564E3	2	67	S030	Physics
280	#F564E3	3	61.2	S030	Physics
280	#F564E3	4	62.5	S030	Physics
280	#F564E3	5	71.4	S030	Physics
280	#F564E3	6	66.5	S030	Physics
280	#F564E3	7	62.7	S030	Physics
280	#F564E3	8	73.4	S030	Physics
281	#F564E3	1	39.8	S031	Physics
281	#F564E3	2	57.1	S031	Physics
281	#F564E3	3	43.5	S031	Physics
281	#F564E3	4	46.9	S031	Physics
281	#F564E3	5	51.7	S031	Physics
281	#F564E3	6	57.6	S031	Physics
281	#F564E3	7	57.6	S031	Physics
281	#F564E3	8	58.7	S031	Physics
282	#F564E3	1	56.4	S032	Physics
282	#F564E3	2	65	S032	Physics
282	#F564E3	3	65.1	S032	Physics
282	#F564E3	4	56.8	S032	Physics
282	#F564E3	5	62.5	S032	Physics
282	#F564E3	6	74.7	S032	Physics
282	#F564E3	7	70	S032	Physics
282	#F564E3	8	69.8	S032	Physics
283	#F564E3	1	50.7	S033	Physics
283	#F564E3	2	60.9	S033	Physics
283	#F564E3	3	51.3	S033	Physics
283	#F564E3	4	61.7	S033	Physics
283	#F564E3	5	57.3	S033	Physics
283	#F564E3	6	68.7	S033	Physics
283	#F564E3	7	65.6	S033	Physics
283	#F564E3	8	69.4	S033	Physics
284	#F564E3	1	71.2	S034	Physics
284	#F564E3	2	68.5	S034	Physics
284	#F564E3	3	75.6	S034	Physics
284	#F564E3	4	71.6	S034	Physics
284	#F564E3	5	81.5	S034	Physics
284	#F564E3	6	78.4	S034	Physics
284	#F564E3	7	82.2	S034	Physics
284	#F564E3	8	80.8	S034	Physics
285	#F564E3	1	62.5	S035	Physics
285	#F564E3	2	61	S035	Physics
285	#F564E3	3	49.9	S035	Physics
285	#F564E3	4	54.6	S035	Physics
285	#F564E3	5	57.6	S035	Physics
285	#F564E3	6	65	S035	Physics
285	#F564E3	7	61.8	S035	Physics
285	#F564E3	8	65.4	S035	Physics
286	#F564E3	1	58.7	S036	Physics
286	#F564E3	2	69.8	S036	Physics
286	#F564E3	3	65.1	S036	Physics
286	#F564E3	4	66.1	S036	Physics
286	#F564E3	5	70.5	S036	Physics
286	#F564E3	6	76.9	S036	Physics
286	#F564E3	7	75.5	S036	Physics
286	#F564E3	8	77.5	S036	Physics
287	#F564E3	1	56.4	S037	Physics
287	#F564E3	2	56.2	S037	Physics
287	#F564E3	3	71.8	S037	Physics
287	#F564E3	4	75.9	S037	Physics
287	#F564E3	5	71.7	S037	Physics
287	#F564E3	6	80.3	S037	Physics
287	#F564E3	7	74.7	S037	Physics
287	#F564E3	8	68.6	S037	Physics
288	#F564E3	1	56.7	S038	Physics
288	#F564E3	2	51.6	S038	Physics
288	#F564E3	3	60.2	S038	Physics
288	#F564E3	4	53.6	S038	Physics
288	#F564E3	5	60.2	S038	Physics
288	#F564E3	6	62.9	S038	Physics
288	#F564E3	7	74	S038	Physics
288	#F564E3	8	65.5	S038	Physics
289	#F564E3	1	54.9	S039	Physics
289	#F564E3	2	52.3	S039	Physics
289	#F564E3	3	65.8	S039	Physics
289	#F564E3	4	64.7	S039	Physics
289	#F564E3	5	59.4	S039	Physics
289	#F564E3	6	59.8	S039	Physics
289	#F564E3	7	67	S039	Physics
289	#F564E3	8	79.8	S039	Physics
290	#F564E3	1	61.8	S040	Physics
290	#F564E3	2	65.2	S040	Physics
290	#F564E3	3	61.2	S040	Physics
290	#F564E3	4	69	S040	Physics
290	#F564E3	5	77.7	S040	Physics
290	#F564E3	6	78.6	S040	Physics
290	#F564E3	7	84.8	S040	Physics
290	#F564E3	8	78.5	S040	Physics
291	#F564E3	1	53	S041	Physics
291	#F564E3	2	49.2	S041	Physics
291	#F564E3	3	53.6	S041	Physics
291	#F564E3	4	46.8	S041	Physics
291	#F564E3	5	65.9	S041	Physics
291	#F564E3	6	61.1	S041	Physics
291	#F564E3	7	61.2	S041	Physics
291	#F564E3	8	61.5	S041	Physics
292	#F564E3	1	52.7	S042	Physics
292	#F564E3	2	68.8	S042	Physics
292	#F564E3	3	56.4	S042	Physics
292	#F564E3	4	70.2	S042	Physics
292	#F564E3	5	79.1	S042	Physics
292	#F564E3	6	76	S042	Physics
292	#F564E3	7	65.2	S042	Physics
292	#F564E3	8	79.4	S042	Physics
293	#F564E3	1	60	S043	Physics
293	#F564E3	2	64.9	S043	Physics
293	#F564E3	3	72.2	S043	Physics
293	#F564E3	4	70.4	S043	Physics
293	#F564E3	5	69.7	S043	Physics
293	#F564E3	6	66	S043	Physics
293	#F564E3	7	71.1	S043	Physics
293	#F564E3	8	73.5	S043	Physics
294	#F564E3	1	87.4	S044	Physics
294	#F564E3	2	78.5	S044	Physics
294	#F564E3	3	79.5	S044	Physics
294	#F564E3	4	83	S044	Physics
294	#F564E3	5	90.1	S044	Physics
294	#F564E3	6	91.8	S044	Physics
294	#F564E3	7	91.5	S044	Physics
294	#F564E3	8	93.3	S044	Physics
295	#F564E3	1	51.4	S045	Physics
295	#F564E3	2	51.8	S045	Physics
295	#F564E3	3	44.7	S045	Physics
295	#F564E3	4	54	S045	Physics
295	#F564E3	5	57.8	S045	Physics
295	#F564E3	6	56.2	S045	Physics
295	#F564E3	7	48.1	S045	Physics
295	#F564E3	8	67.9	S045	Physics
296	#F564E3	1	64	S046	Physics
296	#F564E3	2	60.3	S046	Physics
296	#F564E3	3	64.7	S046	Physics
296	#F564E3	4	71.7	S046	Physics
296	#F564E3	5	65	S046	Physics
296	#F564E3	6	72.6	S046	Physics
296	#F564E3	7	81.5	S046	Physics
296	#F564E3	8	79.5	S046	Physics
297	#F564E3	1	71	S047	Physics
297	#F564E3	2	58.2	S047	Physics
297	#F564E3	3	65.3	S047	Physics
297	#F564E3	4	71.1	S047	Physics
297	#F564E3	5	68.3	S047	Physics
297	#F564E3	6	71.8	S047	Physics
297	#F564E3	7	75.6	S047	Physics
297	#F564E3	8	78.9	S047	Physics
298	#F564E3	1	66.4	S048	Physics
298	#F564E3	2	65.1	S048	Physics
298	#F564E3	3	68	S048	Physics
298	#F564E3	4	65.3	S048	Physics
298	#F564E3	5	74.6	S048	Physics
298	#F564E3	6	66.4	S048	Physics
298	#F564E3	7	83.1	S048	Physics
298	#F564E3	8	81	S048	Physics
299	#F564E3	1	69.8	S049	Physics
299	#F564E3	2	68.3	S049	Physics
299	#F564E3	3	74.6	S049	Physics
299	#F564E3	4	63.3	S049	Physics
299	#F564E3	5	71.4	S049	Physics
299	#F564E3	6	80.5	S049	Physics
299	#F564E3	7	69.5	S049	Physics
299	#F564E3	8	75.2	S049	Physics
300	#F564E3	1	83.7	S050	Physics
300	#F564E3	2	78.4	S050	Physics
300	#F564E3	3	80.4	S050	Physics
300	#F564E3	4	82.4	S050	Physics
300	#F564E3	5	88.2	S050	Physics
300	#F564E3	6	91.8	S050	Physics
300	#F564E3	7	96.1	S050	Physics
300	#F564E3	8	89.1	S050	Physics
