x	y	label	key	showSelected1
1	64	64	S001 Mathematics Sem1	S001
1	57.9	58	S002 Mathematics Sem1	S002
1	52.7	53	S003 Mathematics Sem1	S003
1	49.7	50	S004 Mathematics Sem1	S004
1	65.2	65	S005 Mathematics Sem1	S005
1	62.8	63	S006 Mathematics Sem1	S006
1	66.8	67	S007 Mathematics Sem1	S007
1	54.5	54	S008 Mathematics Sem1	S008
1	49.8	50	S009 Mathematics Sem1	S009
1	45.6	46	S010 Mathematics Sem1	S010
1	48.2	48	S011 Mathematics Sem1	S011
1	66	66	S012 Mathematics Sem1	S012
1	68	68	S013 Mathematics Sem1	S013
1	60.8	61	S014 Mathematics Sem1	S014
1	32.5	32	S015 Mathematics Sem1	S015
1	54.9	55	S016 Mathematics Sem1	S016
1	37.7	38	S017 Mathematics Sem1	S017
1	65.1	65	S018 Mathematics Sem1	S018
1	43.4	43	S019 Mathematics Sem1	S019
1	31.7	32	S020 Mathematics Sem1	S020
1	74.1	74	S021 Mathematics Sem1	S021
1	54.1	54	S022 Mathematics Sem1	S022
1	68.9	69	S023 Mathematics Sem1	S023
1	55.2	55	S024 Mathematics Sem1	S024
1	62	62	S025 Mathematics Sem1	S025
1	40	40	S026 Mathematics Sem1	S026
1	62.9	63	S027 Mathematics Sem1	S027
1	67.3	67	S028 Mathematics Sem1	S028
1	31.2	31	S029 Mathematics Sem1	S029
1	56	56	S030 Mathematics Sem1	S030
1	36.4	36	S031 Mathematics Sem1	S031
1	58.7	59	S032 Mathematics Sem1	S032
1	56.3	56	S033 Mathematics Sem1	S033
1	60.3	60	S034 Mathematics Sem1	S034
1	52.8	53	S035 Mathematics Sem1	S035
1	66.4	66	S036 Mathematics Sem1	S036
1	59.5	60	S037 Mathematics Sem1	S037
1	50.8	51	S038 Mathematics Sem1	S038
1	50	50	S039 Mathematics Sem1	S039
1	65.4	65	S040 Mathematics Sem1	S040
1	42.1	42	S041 Mathematics Sem1	S041
1	54.3	54	S042 Mathematics Sem1	S042
1	58.4	58	S043 Mathematics Sem1	S043
1	80.2	80	S044 Mathematics Sem1	S044
1	47.8	48	S045 Mathematics Sem1	S045
1	48	48	S046 Mathematics Sem1	S046
1	54.5	54	S047 Mathematics Sem1	S047
1	57.8	58	S048 Mathematics Sem1	S048
1	63.2	63	S049 Mathematics Sem1	S049
1	82.2	82	S050 Mathematics Sem1	S050
1	79.9	80	S001 Physics Sem1	S001
1	65.9	66	S002 Physics Sem1	S002
1	63.1	63	S003 Physics Sem1	S003
1	57.5	58	S004 Physics Sem1	S004
1	64.3	64	S005 Physics Sem1	S005
1	73.8	74	S006 Physics Sem1	S006
1	63.3	63	S007 Physics Sem1	S007
1	63.5	64	S008 Physics Sem1	S008
1	43.9	44	S009 Physics Sem1	S009
1	42.1	42	S010 Physics Sem1	S010
1	35.8	36	S011 Physics Sem1	S011
1	69.3	69	S012 Physics Sem1	S012
1	63.8	64	S013 Physics Sem1	S013
1	61.8	62	S014 Physics Sem1	S014
1	37.2	37	S015 Physics Sem1	S015
1	48.4	48	S016 Physics Sem1	S016
1	59.2	59	S017 Physics Sem1	S017
1	66.2	66	S018 Physics Sem1	S018
1	41.6	42	S019 Physics Sem1	S019
1	43.4	43	S020 Physics Sem1	S020
1	69.1	69	S021 Physics Sem1	S021
1	60.5	60	S022 Physics Sem1	S022
1	62.9	63	S023 Physics Sem1	S023
1	55.9	56	S024 Physics Sem1	S024
1	59.4	59	S025 Physics Sem1	S025
1	43.7	44	S026 Physics Sem1	S026
1	52.5	52	S027 Physics Sem1	S027
1	60.4	60	S028 Physics Sem1	S028
1	35.6	36	S029 Physics Sem1	S029
1	60.5	60	S030 Physics Sem1	S030
1	39.8	40	S031 Physics Sem1	S031
1	56.4	56	S032 Physics Sem1	S032
1	50.7	51	S033 Physics Sem1	S033
1	71.2	71	S034 Physics Sem1	S034
1	62.5	62	S035 Physics Sem1	S035
1	58.7	59	S036 Physics Sem1	S036
1	56.4	56	S037 Physics Sem1	S037
1	56.7	57	S038 Physics Sem1	S038
1	54.9	55	S039 Physics Sem1	S039
1	61.8	62	S040 Physics Sem1	S040
1	53	53	S041 Physics Sem1	S041
1	52.7	53	S042 Physics Sem1	S042
1	60	60	S043 Physics Sem1	S043
1	87.4	87	S044 Physics Sem1	S044
1	51.4	51	S045 Physics Sem1	S045
1	64	64	S046 Physics Sem1	S046
1	71	71	S047 Physics Sem1	S047
1	66.4	66	S048 Physics Sem1	S048
1	69.8	70	S049 Physics Sem1	S049
1	83.7	84	S050 Physics Sem1	S050
1	64.1	64	S001 Chemistry Sem1	S001
1	64.5	64	S002 Chemistry Sem1	S002
1	70.9	71	S003 Chemistry Sem1	S003
1	64.1	64	S004 Chemistry Sem1	S004
1	67.7	68	S005 Chemistry Sem1	S005
1	58.2	58	S006 Chemistry Sem1	S006
1	67	67	S007 Chemistry Sem1	S007
1	57.2	57	S008 Chemistry Sem1	S008
1	44.2	44	S009 Chemistry Sem1	S009
1	50.2	50	S010 Chemistry Sem1	S010
1	52	52	S011 Chemistry Sem1	S011
1	64.7	65	S012 Chemistry Sem1	S012
1	68.3	68	S013 Chemistry Sem1	S013
1	70.7	71	S014 Chemistry Sem1	S014
1	37.3	37	S015 Chemistry Sem1	S015
1	55.4	55	S016 Chemistry Sem1	S016
1	51.4	51	S017 Chemistry Sem1	S017
1	55.9	56	S018 Chemistry Sem1	S018
1	50.1	50	S019 Chemistry Sem1	S019
1	50.9	51	S020 Chemistry Sem1	S020
1	69.6	70	S021 Chemistry Sem1	S021
1	67.8	68	S022 Chemistry Sem1	S022
1	68	68	S023 Chemistry Sem1	S023
1	58.9	59	S024 Chemistry Sem1	S024
1	66	66	S025 Chemistry Sem1	S025
1	50.3	50	S026 Chemistry Sem1	S026
1	65	65	S027 Chemistry Sem1	S027
1	67.7	68	S028 Chemistry Sem1	S028
1	43	43	S029 Chemistry Sem1	S029
1	57	57	S030 Chemistry Sem1	S030
1	49.1	49	S031 Chemistry Sem1	S031
1	58	58	S032 Chemistry Sem1	S032
1	58.3	58	S033 Chemistry Sem1	S033
1	68.7	69	S034 Chemistry Sem1	S034
1	53.1	53	S035 Chemistry Sem1	S035
1	67.7	68	S036 Chemistry Sem1	S036
1	68.4	68	S037 Chemistry Sem1	S037
1	53.3	53	S038 Chemistry Sem1	S038
1	50.9	51	S039 Chemistry Sem1	S039
1	66.7	67	S040 Chemistry Sem1	S040
1	48.3	48	S041 Chemistry Sem1	S041
1	54.7	55	S042 Chemistry Sem1	S042
1	67.7	68	S043 Chemistry Sem1	S043
1	85.1	85	S044 Chemistry Sem1	S044
1	54.5	54	S045 Chemistry Sem1	S045
1	64.2	64	S046 Chemistry Sem1	S046
1	69.6	70	S047 Chemistry Sem1	S047
1	69.1	69	S048 Chemistry Sem1	S048
1	77.9	78	S049 Chemistry Sem1	S049
1	70.3	70	S050 Chemistry Sem1	S050
1	71.8	72	S001 Biology Sem1	S001
1	69.1	69	S002 Biology Sem1	S002
1	57	57	S003 Biology Sem1	S003
1	60.9	61	S004 Biology Sem1	S004
1	78.7	79	S005 Biology Sem1	S005
1	69.9	70	S006 Biology Sem1	S006
1	63.6	64	S007 Biology Sem1	S007
1	61.5	62	S008 Biology Sem1	S008
1	54.2	54	S009 Biology Sem1	S009
1	52.9	53	S010 Biology Sem1	S010
1	41.8	42	S011 Biology Sem1	S011
1	69.5	70	S012 Biology Sem1	S012
1	67.5	68	S013 Biology Sem1	S013
1	51.2	51	S014 Biology Sem1	S014
1	32.5	32	S015 Biology Sem1	S015
1	62.5	62	S016 Biology Sem1	S016
1	56.2	56	S017 Biology Sem1	S017
1	69.2	69	S018 Biology Sem1	S018
1	43	43	S019 Biology Sem1	S019
1	47.3	47	S020 Biology Sem1	S020
1	70.1	70	S021 Biology Sem1	S021
1	72.6	73	S022 Biology Sem1	S022
1	73.1	73	S023 Biology Sem1	S023
1	59.5	60	S024 Biology Sem1	S024
1	66.1	66	S025 Biology Sem1	S025
1	47.8	48	S026 Biology Sem1	S026
1	60.4	60	S027 Biology Sem1	S027
1	71.1	71	S028 Biology Sem1	S028
1	40.2	40	S029 Biology Sem1	S029
1	64	64	S030 Biology Sem1	S030
1	54.3	54	S031 Biology Sem1	S031
1	62.1	62	S032 Biology Sem1	S032
1	55.8	56	S033 Biology Sem1	S033
1	72.2	72	S034 Biology Sem1	S034
1	56.9	57	S035 Biology Sem1	S035
1	66.3	66	S036 Biology Sem1	S036
1	65.1	65	S037 Biology Sem1	S037
1	54.5	54	S038 Biology Sem1	S038
1	56.7	57	S039 Biology Sem1	S039
1	61.7	62	S040 Biology Sem1	S040
1	54.4	54	S041 Biology Sem1	S041
1	67.4	67	S042 Biology Sem1	S042
1	73.8	74	S043 Biology Sem1	S043
1	87.4	87	S044 Biology Sem1	S044
1	45.5	46	S045 Biology Sem1	S045
1	72.8	73	S046 Biology Sem1	S046
1	62.5	62	S047 Biology Sem1	S047
1	70	70	S048 Biology Sem1	S048
1	62.8	63	S049 Biology Sem1	S049
1	82.2	82	S050 Biology Sem1	S050
1	82.5	82	S001 English Sem1	S001
1	69.5	70	S002 English Sem1	S002
1	68.1	68	S003 English Sem1	S003
1	60.5	60	S004 English Sem1	S004
1	76.9	77	S005 English Sem1	S005
1	69.1	69	S006 English Sem1	S006
1	70.1	70	S007 English Sem1	S007
1	61.9	62	S008 English Sem1	S008
1	54.5	54	S009 English Sem1	S009
1	47	47	S010 English Sem1	S010
1	46.1	46	S011 English Sem1	S011
1	67	67	S012 English Sem1	S012
1	75	75	S013 English Sem1	S013
1	63.1	63	S014 English Sem1	S014
1	38.1	38	S015 English Sem1	S015
1	65.6	66	S016 English Sem1	S016
1	52.4	52	S017 English Sem1	S017
1	72.2	72	S018 English Sem1	S018
1	50.6	51	S019 English Sem1	S019
1	48.5	48	S020 English Sem1	S020
1	79.9	80	S021 English Sem1	S021
1	66.3	66	S022 English Sem1	S022
1	67.7	68	S023 English Sem1	S023
1	57.8	58	S024 English Sem1	S024
1	70.8	71	S025 English Sem1	S025
1	48.7	49	S026 English Sem1	S026
1	59.7	60	S027 English Sem1	S027
1	62.9	63	S028 English Sem1	S028
1	38.8	39	S029 English Sem1	S029
1	62.3	62	S030 English Sem1	S030
1	52.9	53	S031 English Sem1	S031
1	61.9	62	S032 English Sem1	S032
1	65.8	66	S033 English Sem1	S033
1	77.2	77	S034 English Sem1	S034
1	62.1	62	S035 English Sem1	S035
1	65.9	66	S036 English Sem1	S036
1	63.5	64	S037 English Sem1	S037
1	59.4	59	S038 English Sem1	S038
1	63.8	64	S039 English Sem1	S039
1	80.9	81	S040 English Sem1	S040
1	51.8	52	S041 English Sem1	S041
1	68	68	S042 English Sem1	S042
1	77.2	77	S043 English Sem1	S043
1	81.6	82	S044 English Sem1	S044
1	53.7	54	S045 English Sem1	S045
1	68.8	69	S046 English Sem1	S046
1	73.9	74	S047 English Sem1	S047
1	64.5	64	S048 English Sem1	S048
1	64	64	S049 English Sem1	S049
1	84.1	84	S050 English Sem1	S050
1	78.4	78	S001 History Sem1	S001
1	66.5	66	S002 History Sem1	S002
1	62.3	62	S003 History Sem1	S003
1	68.2	68	S004 History Sem1	S004
1	84.5	84	S005 History Sem1	S005
1	80.2	80	S006 History Sem1	S006
1	69.8	70	S007 History Sem1	S007
1	67.3	67	S008 History Sem1	S008
1	53.7	54	S009 History Sem1	S009
1	60.4	60	S010 History Sem1	S010
1	50.2	50	S011 History Sem1	S011
1	63	63	S012 History Sem1	S012
1	65.3	65	S013 History Sem1	S013
1	63.6	64	S014 History Sem1	S014
1	46.9	47	S015 History Sem1	S015
1	61.4	61	S016 History Sem1	S016
1	55.5	56	S017 History Sem1	S017
1	69.7	70	S018 History Sem1	S018
1	54.2	54	S019 History Sem1	S019
1	41.7	42	S020 History Sem1	S020
1	71.1	71	S021 History Sem1	S021
1	69.2	69	S022 History Sem1	S022
1	77.4	77	S023 History Sem1	S023
1	59.5	60	S024 History Sem1	S024
1	82.3	82	S025 History Sem1	S025
1	48.7	49	S026 History Sem1	S026
1	58.7	59	S027 History Sem1	S027
1	75.3	75	S028 History Sem1	S028
1	34.7	35	S029 History Sem1	S029
1	62.1	62	S030 History Sem1	S030
1	51	51	S031 History Sem1	S031
1	58.6	59	S032 History Sem1	S032
1	66.6	67	S033 History Sem1	S033
1	74.7	75	S034 History Sem1	S034
1	65.7	66	S035 History Sem1	S035
1	61.3	61	S036 History Sem1	S036
1	75.2	75	S037 History Sem1	S037
1	49.7	50	S038 History Sem1	S038
1	59.3	59	S039 History Sem1	S039
1	71.5	72	S040 History Sem1	S040
1	53	53	S041 History Sem1	S041
1	57	57	S042 History Sem1	S042
1	71.6	72	S043 History Sem1	S043
1	84.9	85	S044 History Sem1	S044
1	56.7	57	S045 History Sem1	S045
1	73.9	74	S046 History Sem1	S046
1	62.5	62	S047 History Sem1	S047
1	74.1	74	S048 History Sem1	S048
1	65.7	66	S049 History Sem1	S049
1	90.9	91	S050 History Sem1	S050
2	66.8	67	S001 Mathematics Sem2	S001
2	67.7	68	S002 Mathematics Sem2	S002
2	61.5	62	S003 Mathematics Sem2	S003
2	53.1	53	S004 Mathematics Sem2	S004
2	60.4	60	S005 Mathematics Sem2	S005
2	69.4	69	S006 Mathematics Sem2	S006
2	68	68	S007 Mathematics Sem2	S007
2	61.8	62	S008 Mathematics Sem2	S008
2	52.6	53	S009 Mathematics Sem2	S009
2	42.3	42	S010 Mathematics Sem2	S010
2	41.1	41	S011 Mathematics Sem2	S011
2	66.4	66	S012 Mathematics Sem2	S012
2	63.6	64	S013 Mathematics Sem2	S013
2	58.7	59	S014 Mathematics Sem2	S014
2	35.6	36	S015 Mathematics Sem2	S015
2	54.9	55	S016 Mathematics Sem2	S016
2	50.6	51	S017 Mathematics Sem2	S017
2	64.1	64	S018 Mathematics Sem2	S018
2	45.9	46	S019 Mathematics Sem2	S019
2	35.3	35	S020 Mathematics Sem2	S020
2	79.1	79	S021 Mathematics Sem2	S021
2	60	60	S022 Mathematics Sem2	S022
2	67.4	67	S023 Mathematics Sem2	S023
2	56.1	56	S024 Mathematics Sem2	S024
2	63.2	63	S025 Mathematics Sem2	S025
2	42.9	43	S026 Mathematics Sem2	S026
2	56.8	57	S027 Mathematics Sem2	S027
2	63.5	64	S028 Mathematics Sem2	S028
2	50.1	50	S029 Mathematics Sem2	S029
2	53.7	54	S030 Mathematics Sem2	S030
2	45.5	46	S031 Mathematics Sem2	S031
2	54.5	54	S032 Mathematics Sem2	S032
2	55.3	55	S033 Mathematics Sem2	S033
2	71.2	71	S034 Mathematics Sem2	S034
2	61.6	62	S035 Mathematics Sem2	S035
2	64.8	65	S036 Mathematics Sem2	S036
2	54.3	54	S037 Mathematics Sem2	S037
2	58.2	58	S038 Mathematics Sem2	S038
2	52.6	53	S039 Mathematics Sem2	S039
2	69.3	69	S040 Mathematics Sem2	S040
2	50.3	50	S041 Mathematics Sem2	S041
2	62.7	63	S042 Mathematics Sem2	S042
2	68.4	68	S043 Mathematics Sem2	S043
2	73	73	S044 Mathematics Sem2	S044
2	54.1	54	S045 Mathematics Sem2	S045
2	63.1	63	S046 Mathematics Sem2	S046
2	60.2	60	S047 Mathematics Sem2	S047
2	64.9	65	S048 Mathematics Sem2	S048
2	58.6	59	S049 Mathematics Sem2	S049
2	77.5	78	S050 Mathematics Sem2	S050
2	80.8	81	S001 Physics Sem2	S001
2	69.6	70	S002 Physics Sem2	S002
2	60.9	61	S003 Physics Sem2	S003
2	54.7	55	S004 Physics Sem2	S004
2	77.4	77	S005 Physics Sem2	S005
2	63.6	64	S006 Physics Sem2	S006
2	67.6	68	S007 Physics Sem2	S007
2	59.2	59	S008 Physics Sem2	S008
2	50.4	50	S009 Physics Sem2	S009
2	53.3	53	S010 Physics Sem2	S010
2	51.3	51	S011 Physics Sem2	S011
2	66.1	66	S012 Physics Sem2	S012
2	73.4	73	S013 Physics Sem2	S013
2	67.6	68	S014 Physics Sem2	S014
2	32	32	S015 Physics Sem2	S015
2	59.9	60	S016 Physics Sem2	S016
2	46.3	46	S017 Physics Sem2	S017
2	61.5	62	S018 Physics Sem2	S018
2	37.1	37	S019 Physics Sem2	S019
2	43.9	44	S020 Physics Sem2	S020
2	63.8	64	S021 Physics Sem2	S021
2	72	72	S022 Physics Sem2	S022
2	70.9	71	S023 Physics Sem2	S023
2	56.7	57	S024 Physics Sem2	S024
2	69.2	69	S025 Physics Sem2	S025
2	44.1	44	S026 Physics Sem2	S026
2	67.1	67	S027 Physics Sem2	S027
2	60.9	61	S028 Physics Sem2	S028
2	44.5	44	S029 Physics Sem2	S029
2	67	67	S030 Physics Sem2	S030
2	57.1	57	S031 Physics Sem2	S031
2	65	65	S032 Physics Sem2	S032
2	60.9	61	S033 Physics Sem2	S033
2	68.5	68	S034 Physics Sem2	S034
2	61	61	S035 Physics Sem2	S035
2	69.8	70	S036 Physics Sem2	S036
2	56.2	56	S037 Physics Sem2	S037
2	51.6	52	S038 Physics Sem2	S038
2	52.3	52	S039 Physics Sem2	S039
2	65.2	65	S040 Physics Sem2	S040
2	49.2	49	S041 Physics Sem2	S041
2	68.8	69	S042 Physics Sem2	S042
2	64.9	65	S043 Physics Sem2	S043
2	78.5	78	S044 Physics Sem2	S044
2	51.8	52	S045 Physics Sem2	S045
2	60.3	60	S046 Physics Sem2	S046
2	58.2	58	S047 Physics Sem2	S047
2	65.1	65	S048 Physics Sem2	S048
2	68.3	68	S049 Physics Sem2	S049
2	78.4	78	S050 Physics Sem2	S050
2	66.2	66	S001 Chemistry Sem2	S001
2	71.1	71	S002 Chemistry Sem2	S002
2	56.6	57	S003 Chemistry Sem2	S003
2	48.5	48	S004 Chemistry Sem2	S004
2	77.4	77	S005 Chemistry Sem2	S005
2	79.7	80	S006 Chemistry Sem2	S006
2	69.7	70	S007 Chemistry Sem2	S007
2	64.4	64	S008 Chemistry Sem2	S008
2	43.7	44	S009 Chemistry Sem2	S009
2	56.9	57	S010 Chemistry Sem2	S010
2	48.5	48	S011 Chemistry Sem2	S011
2	69.9	70	S012 Chemistry Sem2	S012
2	73	73	S013 Chemistry Sem2	S013
2	70.8	71	S014 Chemistry Sem2	S014
2	35.5	36	S015 Chemistry Sem2	S015
2	60.3	60	S016 Chemistry Sem2	S016
2	53.4	53	S017 Chemistry Sem2	S017
2	73	73	S018 Chemistry Sem2	S018
2	55.2	55	S019 Chemistry Sem2	S019
2	39	39	S020 Chemistry Sem2	S020
2	77.3	77	S021 Chemistry Sem2	S021
2	64.1	64	S022 Chemistry Sem2	S022
2	70.9	71	S023 Chemistry Sem2	S023
2	59.7	60	S024 Chemistry Sem2	S024
2	64.9	65	S025 Chemistry Sem2	S025
2	46.4	46	S026 Chemistry Sem2	S026
2	60.5	60	S027 Chemistry Sem2	S027
2	65.2	65	S028 Chemistry Sem2	S028
2	38.7	39	S029 Chemistry Sem2	S029
2	64.2	64	S030 Chemistry Sem2	S030
2	49.1	49	S031 Chemistry Sem2	S031
2	55.7	56	S032 Chemistry Sem2	S032
2	53.5	54	S033 Chemistry Sem2	S033
2	77	77	S034 Chemistry Sem2	S034
2	52.6	53	S035 Chemistry Sem2	S035
2	67.6	68	S036 Chemistry Sem2	S036
2	64.2	64	S037 Chemistry Sem2	S037
2	58.3	58	S038 Chemistry Sem2	S038
2	53.8	54	S039 Chemistry Sem2	S039
2	71.3	71	S040 Chemistry Sem2	S040
2	53.2	53	S041 Chemistry Sem2	S041
2	61.3	61	S042 Chemistry Sem2	S042
2	68.9	69	S043 Chemistry Sem2	S043
2	80.7	81	S044 Chemistry Sem2	S044
2	45.8	46	S045 Chemistry Sem2	S045
2	64	64	S046 Chemistry Sem2	S046
2	62.3	62	S047 Chemistry Sem2	S047
2	73.4	73	S048 Chemistry Sem2	S048
2	60.8	61	S049 Chemistry Sem2	S049
2	84.2	84	S050 Chemistry Sem2	S050
2	77.7	78	S001 Biology Sem2	S001
2	65	65	S002 Biology Sem2	S002
2	66.9	67	S003 Biology Sem2	S003
2	62	62	S004 Biology Sem2	S004
2	86.7	87	S005 Biology Sem2	S005
2	72.8	73	S006 Biology Sem2	S006
2	58.9	59	S007 Biology Sem2	S007
2	71.6	72	S008 Biology Sem2	S008
2	51.3	51	S009 Biology Sem2	S009
2	47.4	47	S010 Biology Sem2	S010
2	47.6	48	S011 Biology Sem2	S011
2	70.9	71	S012 Biology Sem2	S012
2	67.6	68	S013 Biology Sem2	S013
2	71.4	71	S014 Biology Sem2	S014
2	32.7	33	S015 Biology Sem2	S015
2	58.3	58	S016 Biology Sem2	S016
2	51.3	51	S017 Biology Sem2	S017
2	66.6	67	S018 Biology Sem2	S018
2	46.8	47	S019 Biology Sem2	S019
2	33.3	33	S020 Biology Sem2	S020
2	71.4	71	S021 Biology Sem2	S021
2	64.9	65	S022 Biology Sem2	S022
2	70.6	71	S023 Biology Sem2	S023
2	52.1	52	S024 Biology Sem2	S024
2	66.1	66	S025 Biology Sem2	S025
2	57	57	S026 Biology Sem2	S026
2	57.1	57	S027 Biology Sem2	S027
2	74.8	75	S028 Biology Sem2	S028
2	47.1	47	S029 Biology Sem2	S029
2	64.6	65	S030 Biology Sem2	S030
2	45.3	45	S031 Biology Sem2	S031
2	54.9	55	S032 Biology Sem2	S032
2	57.7	58	S033 Biology Sem2	S033
2	79.2	79	S034 Biology Sem2	S034
2	60.2	60	S035 Biology Sem2	S035
2	78	78	S036 Biology Sem2	S036
2	66.6	67	S037 Biology Sem2	S037
2	54.9	55	S038 Biology Sem2	S038
2	49.1	49	S039 Biology Sem2	S039
2	69.1	69	S040 Biology Sem2	S040
2	49.7	50	S041 Biology Sem2	S041
2	61.5	62	S042 Biology Sem2	S042
2	70.6	71	S043 Biology Sem2	S043
2	78.3	78	S044 Biology Sem2	S044
2	50.1	50	S045 Biology Sem2	S045
2	73.2	73	S046 Biology Sem2	S046
2	70.7	71	S047 Biology Sem2	S047
2	67.3	67	S048 Biology Sem2	S048
2	68.5	68	S049 Biology Sem2	S049
2	83.6	84	S050 Biology Sem2	S050
2	79.4	79	S001 English Sem2	S001
2	72.7	73	S002 English Sem2	S002
2	67.1	67	S003 English Sem2	S003
2	62.8	63	S004 English Sem2	S004
2	76.5	76	S005 English Sem2	S005
2	80.1	80	S006 English Sem2	S006
2	62.9	63	S007 English Sem2	S007
2	72.4	72	S008 English Sem2	S008
2	52.3	52	S009 English Sem2	S009
2	57.4	57	S010 English Sem2	S010
2	56	56	S011 English Sem2	S011
2	80.5	80	S012 English Sem2	S012
2	71.2	71	S013 English Sem2	S013
2	68.4	68	S014 English Sem2	S014
2	36.1	36	S015 English Sem2	S015
2	65.8	66	S016 English Sem2	S016
2	56.3	56	S017 English Sem2	S017
2	73.2	73	S018 English Sem2	S018
2	50.8	51	S019 English Sem2	S019
2	36.6	37	S020 English Sem2	S020
2	72.4	72	S021 English Sem2	S021
2	64.4	64	S022 English Sem2	S022
2	80.5	80	S023 English Sem2	S023
2	56.5	56	S024 English Sem2	S024
2	74.1	74	S025 English Sem2	S025
2	58.2	58	S026 English Sem2	S026
2	62	62	S027 English Sem2	S027
2	72	72	S028 English Sem2	S028
2	51.2	51	S029 English Sem2	S029
2	57.7	58	S030 English Sem2	S030
2	45.5	46	S031 English Sem2	S031
2	66.9	67	S032 English Sem2	S032
2	51.7	52	S033 English Sem2	S033
2	73.6	74	S034 English Sem2	S034
2	65	65	S035 English Sem2	S035
2	70.8	71	S036 English Sem2	S036
2	70.1	70	S037 English Sem2	S037
2	56.2	56	S038 English Sem2	S038
2	69.3	69	S039 English Sem2	S039
2	77.7	78	S040 English Sem2	S040
2	57.3	57	S041 English Sem2	S041
2	59.8	60	S042 English Sem2	S042
2	64.2	64	S043 English Sem2	S043
2	88.1	88	S044 English Sem2	S044
2	52.6	53	S045 English Sem2	S045
2	65.7	66	S046 English Sem2	S046
2	67.6	68	S047 English Sem2	S047
2	80.1	80	S048 English Sem2	S048
2	75	75	S049 English Sem2	S049
2	83.9	84	S050 English Sem2	S050
2	63.9	64	S001 History Sem2	S001
2	78.1	78	S002 History Sem2	S002
2	68.9	69	S003 History Sem2	S003
2	65.5	66	S004 History Sem2	S004
2	79.7	80	S005 History Sem2	S005
2	75.7	76	S006 History Sem2	S006
2	71.8	72	S007 History Sem2	S007
2	55.2	55	S008 History Sem2	S008
2	54.3	54	S009 History Sem2	S009
2	53.3	53	S010 History Sem2	S010
2	44.1	44	S011 History Sem2	S011
2	77.7	78	S012 History Sem2	S012
2	72.1	72	S013 History Sem2	S013
2	77.9	78	S014 History Sem2	S014
2	36.7	37	S015 History Sem2	S015
2	61.2	61	S016 History Sem2	S016
2	62.1	62	S017 History Sem2	S017
2	82.9	83	S018 History Sem2	S018
2	51.2	51	S019 History Sem2	S019
2	47.6	48	S020 History Sem2	S020
2	82.5	82	S021 History Sem2	S021
2	64.8	65	S022 History Sem2	S022
2	75.7	76	S023 History Sem2	S023
2	61.2	61	S024 History Sem2	S024
2	70	70	S025 History Sem2	S025
2	56	56	S026 History Sem2	S026
2	64.4	64	S027 History Sem2	S027
2	68.1	68	S028 History Sem2	S028
2	45.6	46	S029 History Sem2	S029
2	65.1	65	S030 History Sem2	S030
2	45.7	46	S031 History Sem2	S031
2	58.7	59	S032 History Sem2	S032
2	53.5	54	S033 History Sem2	S033
2	77.4	77	S034 History Sem2	S034
2	58	58	S035 History Sem2	S035
2	77.1	77	S036 History Sem2	S036
2	64.8	65	S037 History Sem2	S037
2	65.6	66	S038 History Sem2	S038
2	62.2	62	S039 History Sem2	S039
2	78.3	78	S040 History Sem2	S040
2	54.4	54	S041 History Sem2	S041
2	64.4	64	S042 History Sem2	S042
2	75.5	76	S043 History Sem2	S043
2	90.5	90	S044 History Sem2	S044
2	56	56	S045 History Sem2	S045
2	61.8	62	S046 History Sem2	S046
2	65.6	66	S047 History Sem2	S047
2	83.7	84	S048 History Sem2	S048
2	70.9	71	S049 History Sem2	S049
2	76.2	76	S050 History Sem2	S050
3	75.7	76	S001 Mathematics Sem3	S001
3	61.5	62	S002 Mathematics Sem3	S002
3	57.9	58	S003 Mathematics Sem3	S003
3	57.5	58	S004 Mathematics Sem3	S004
3	75.3	75	S005 Mathematics Sem3	S005
3	79.4	79	S006 Mathematics Sem3	S006
3	63.1	63	S007 Mathematics Sem3	S007
3	58.2	58	S008 Mathematics Sem3	S008
3	47.8	48	S009 Mathematics Sem3	S009
3	49.9	50	S010 Mathematics Sem3	S010
3	47.2	47	S011 Mathematics Sem3	S011
3	62.8	63	S012 Mathematics Sem3	S012
3	70.1	70	S013 Mathematics Sem3	S013
3	68.2	68	S014 Mathematics Sem3	S014
3	40	40	S015 Mathematics Sem3	S015
3	62.1	62	S016 Mathematics Sem3	S016
3	48.1	48	S017 Mathematics Sem3	S017
3	69.8	70	S018 Mathematics Sem3	S018
3	44.6	45	S019 Mathematics Sem3	S019
3	38.9	39	S020 Mathematics Sem3	S020
3	74.9	75	S021 Mathematics Sem3	S021
3	63.5	64	S022 Mathematics Sem3	S022
3	70.1	70	S023 Mathematics Sem3	S023
3	55.1	55	S024 Mathematics Sem3	S024
3	62.8	63	S025 Mathematics Sem3	S025
3	41.1	41	S026 Mathematics Sem3	S026
3	59.6	60	S027 Mathematics Sem3	S027
3	67.6	68	S028 Mathematics Sem3	S028
3	43.4	43	S029 Mathematics Sem3	S029
3	52.9	53	S030 Mathematics Sem3	S030
3	46	46	S031 Mathematics Sem3	S031
3	60.3	60	S032 Mathematics Sem3	S032
3	57.4	57	S033 Mathematics Sem3	S033
3	87.7	88	S034 Mathematics Sem3	S034
3	58.9	59	S035 Mathematics Sem3	S035
3	63.7	64	S036 Mathematics Sem3	S036
3	67.6	68	S037 Mathematics Sem3	S037
3	56.3	56	S038 Mathematics Sem3	S038
3	52.5	52	S039 Mathematics Sem3	S039
3	59.4	59	S040 Mathematics Sem3	S040
3	50.6	51	S041 Mathematics Sem3	S041
3	59.7	60	S042 Mathematics Sem3	S042
3	70.1	70	S043 Mathematics Sem3	S043
3	85.7	86	S044 Mathematics Sem3	S044
3	52.9	53	S045 Mathematics Sem3	S045
3	58.3	58	S046 Mathematics Sem3	S046
3	62.3	62	S047 Mathematics Sem3	S047
3	76.1	76	S048 Mathematics Sem3	S048
3	76.1	76	S049 Mathematics Sem3	S049
3	72.5	72	S050 Mathematics Sem3	S050
3	68	68	S001 Physics Sem3	S001
3	73.5	74	S002 Physics Sem3	S002
3	61.1	61	S003 Physics Sem3	S003
3	56	56	S004 Physics Sem3	S004
3	72	72	S005 Physics Sem3	S005
3	70.7	71	S006 Physics Sem3	S006
3	68.2	68	S007 Physics Sem3	S007
3	58.9	59	S008 Physics Sem3	S008
3	53.5	54	S009 Physics Sem3	S009
3	54.8	55	S010 Physics Sem3	S010
3	43.8	44	S011 Physics Sem3	S011
3	65.4	65	S012 Physics Sem3	S012
3	71.9	72	S013 Physics Sem3	S013
3	67.7	68	S014 Physics Sem3	S014
3	38.4	38	S015 Physics Sem3	S015
3	59.7	60	S016 Physics Sem3	S016
3	52.7	53	S017 Physics Sem3	S017
3	76.5	76	S018 Physics Sem3	S018
3	49.6	50	S019 Physics Sem3	S019
3	44	44	S020 Physics Sem3	S020
3	78.7	79	S021 Physics Sem3	S021
3	60.5	60	S022 Physics Sem3	S022
3	70.5	70	S023 Physics Sem3	S023
3	60.7	61	S024 Physics Sem3	S024
3	62.4	62	S025 Physics Sem3	S025
3	52.4	52	S026 Physics Sem3	S026
3	65.9	66	S027 Physics Sem3	S027
3	75.2	75	S028 Physics Sem3	S028
3	46.8	47	S029 Physics Sem3	S029
3	61.2	61	S030 Physics Sem3	S030
3	43.5	44	S031 Physics Sem3	S031
3	65.1	65	S032 Physics Sem3	S032
3	51.3	51	S033 Physics Sem3	S033
3	75.6	76	S034 Physics Sem3	S034
3	49.9	50	S035 Physics Sem3	S035
3	65.1	65	S036 Physics Sem3	S036
3	71.8	72	S037 Physics Sem3	S037
3	60.2	60	S038 Physics Sem3	S038
3	65.8	66	S039 Physics Sem3	S039
3	61.2	61	S040 Physics Sem3	S040
3	53.6	54	S041 Physics Sem3	S041
3	56.4	56	S042 Physics Sem3	S042
3	72.2	72	S043 Physics Sem3	S043
3	79.5	80	S044 Physics Sem3	S044
3	44.7	45	S045 Physics Sem3	S045
3	64.7	65	S046 Physics Sem3	S046
3	65.3	65	S047 Physics Sem3	S047
3	68	68	S048 Physics Sem3	S048
3	74.6	75	S049 Physics Sem3	S049
3	80.4	80	S050 Physics Sem3	S050
3	72.7	73	S001 Chemistry Sem3	S001
3	71.9	72	S002 Chemistry Sem3	S002
3	72.6	73	S003 Chemistry Sem3	S003
3	61.7	62	S004 Chemistry Sem3	S004
3	81.1	81	S005 Chemistry Sem3	S005
3	74.9	75	S006 Chemistry Sem3	S006
3	68.9	69	S007 Chemistry Sem3	S007
3	63.5	64	S008 Chemistry Sem3	S008
3	45.8	46	S009 Chemistry Sem3	S009
3	64.6	65	S010 Chemistry Sem3	S010
3	42.3	42	S011 Chemistry Sem3	S011
3	67.9	68	S012 Chemistry Sem3	S012
3	63.2	63	S013 Chemistry Sem3	S013
3	65.9	66	S014 Chemistry Sem3	S014
3	33.3	33	S015 Chemistry Sem3	S015
3	58.5	58	S016 Chemistry Sem3	S016
3	52.9	53	S017 Chemistry Sem3	S017
3	69.9	70	S018 Chemistry Sem3	S018
3	33.4	33	S019 Chemistry Sem3	S019
3	42.5	42	S020 Chemistry Sem3	S020
3	73	73	S021 Chemistry Sem3	S021
3	70.9	71	S022 Chemistry Sem3	S022
3	72.4	72	S023 Chemistry Sem3	S023
3	61.8	62	S024 Chemistry Sem3	S024
3	66.2	66	S025 Chemistry Sem3	S025
3	52.9	53	S026 Chemistry Sem3	S026
3	56.9	57	S027 Chemistry Sem3	S027
3	65.4	65	S028 Chemistry Sem3	S028
3	46	46	S029 Chemistry Sem3	S029
3	66.4	66	S030 Chemistry Sem3	S030
3	50.3	50	S031 Chemistry Sem3	S031
3	67.7	68	S032 Chemistry Sem3	S032
3	58.1	58	S033 Chemistry Sem3	S033
3	73.2	73	S034 Chemistry Sem3	S034
3	60.3	60	S035 Chemistry Sem3	S035
3	63.2	63	S036 Chemistry Sem3	S036
3	59.1	59	S037 Chemistry Sem3	S037
3	59.1	59	S038 Chemistry Sem3	S038
3	61	61	S039 Chemistry Sem3	S039
3	66.9	67	S040 Chemistry Sem3	S040
3	58.3	58	S041 Chemistry Sem3	S041
3	60.2	60	S042 Chemistry Sem3	S042
3	76.8	77	S043 Chemistry Sem3	S043
3	86.1	86	S044 Chemistry Sem3	S044
3	47.4	47	S045 Chemistry Sem3	S045
3	80.7	81	S046 Chemistry Sem3	S046
3	72.4	72	S047 Chemistry Sem3	S047
3	76.4	76	S048 Chemistry Sem3	S048
3	66.1	66	S049 Chemistry Sem3	S049
3	89.3	89	S050 Chemistry Sem3	S050
3	74.9	75	S001 Biology Sem3	S001
3	69.7	70	S002 Biology Sem3	S002
3	70.4	70	S003 Biology Sem3	S003
3	61.8	62	S004 Biology Sem3	S004
3	71.2	71	S005 Biology Sem3	S005
3	84.8	85	S006 Biology Sem3	S006
3	65.9	66	S007 Biology Sem3	S007
3	62	62	S008 Biology Sem3	S008
3	55	55	S009 Biology Sem3	S009
3	62	62	S010 Biology Sem3	S010
3	46.3	46	S011 Biology Sem3	S011
3	75.6	76	S012 Biology Sem3	S012
3	73	73	S013 Biology Sem3	S013
3	63.4	63	S014 Biology Sem3	S014
3	33.8	34	S015 Biology Sem3	S015
3	63.9	64	S016 Biology Sem3	S016
3	59.2	59	S017 Biology Sem3	S017
3	65.3	65	S018 Biology Sem3	S018
3	46.5	46	S019 Biology Sem3	S019
3	45.2	45	S020 Biology Sem3	S020
3	72.5	72	S021 Biology Sem3	S021
3	66.5	66	S022 Biology Sem3	S022
3	76	76	S023 Biology Sem3	S023
3	67	67	S024 Biology Sem3	S024
3	66.7	67	S025 Biology Sem3	S025
3	56.6	57	S026 Biology Sem3	S026
3	63.4	63	S027 Biology Sem3	S027
3	71.8	72	S028 Biology Sem3	S028
3	39.7	40	S029 Biology Sem3	S029
3	59.8	60	S030 Biology Sem3	S030
3	52.7	53	S031 Biology Sem3	S031
3	56.1	56	S032 Biology Sem3	S032
3	60.1	60	S033 Biology Sem3	S033
3	82.3	82	S034 Biology Sem3	S034
3	56.6	57	S035 Biology Sem3	S035
3	71.7	72	S036 Biology Sem3	S036
3	66.7	67	S037 Biology Sem3	S037
3	54.6	55	S038 Biology Sem3	S038
3	66.6	67	S039 Biology Sem3	S039
3	65.7	66	S040 Biology Sem3	S040
3	49.2	49	S041 Biology Sem3	S041
3	76.7	77	S042 Biology Sem3	S042
3	81.9	82	S043 Biology Sem3	S043
3	76.7	77	S044 Biology Sem3	S044
3	58.8	59	S045 Biology Sem3	S045
3	75.4	75	S046 Biology Sem3	S046
3	75	75	S047 Biology Sem3	S047
3	75.1	75	S048 Biology Sem3	S048
3	84.3	84	S049 Biology Sem3	S049
3	80.9	81	S050 Biology Sem3	S050
3	79.5	80	S001 English Sem3	S001
3	72.8	73	S002 English Sem3	S002
3	75.2	75	S003 English Sem3	S003
3	64.1	64	S004 English Sem3	S004
3	71.5	72	S005 English Sem3	S005
3	83.1	83	S006 English Sem3	S006
3	81	81	S007 English Sem3	S007
3	62.7	63	S008 English Sem3	S008
3	53.9	54	S009 English Sem3	S009
3	54.4	54	S010 English Sem3	S010
3	45.6	46	S011 English Sem3	S011
3	65.7	66	S012 English Sem3	S012
3	73.2	73	S013 English Sem3	S013
3	72.1	72	S014 English Sem3	S014
3	37.3	37	S015 English Sem3	S015
3	64.8	65	S016 English Sem3	S016
3	64.5	64	S017 English Sem3	S017
3	72	72	S018 English Sem3	S018
3	48.2	48	S019 English Sem3	S019
3	48.1	48	S020 English Sem3	S020
3	84.9	85	S021 English Sem3	S021
3	74.8	75	S022 English Sem3	S022
3	77.4	77	S023 English Sem3	S023
3	61.6	62	S024 English Sem3	S024
3	80.1	80	S025 English Sem3	S025
3	63	63	S026 English Sem3	S026
3	63.7	64	S027 English Sem3	S027
3	76.1	76	S028 English Sem3	S028
3	47.5	48	S029 English Sem3	S029
3	63.8	64	S030 English Sem3	S030
3	57.7	58	S031 English Sem3	S031
3	55.1	55	S032 English Sem3	S032
3	61	61	S033 English Sem3	S033
3	81.2	81	S034 English Sem3	S034
3	66.3	66	S035 English Sem3	S035
3	74.8	75	S036 English Sem3	S036
3	73.7	74	S037 English Sem3	S037
3	70.3	70	S038 English Sem3	S038
3	65.5	66	S039 English Sem3	S039
3	76.9	77	S040 English Sem3	S040
3	57.3	57	S041 English Sem3	S041
3	75.2	75	S042 English Sem3	S042
3	70.3	70	S043 English Sem3	S043
3	82.6	83	S044 English Sem3	S044
3	61	61	S045 English Sem3	S045
3	59.8	60	S046 English Sem3	S046
3	72	72	S047 English Sem3	S047
3	86.1	86	S048 English Sem3	S048
3	80.7	81	S049 English Sem3	S049
3	87.6	88	S050 English Sem3	S050
3	81.2	81	S001 History Sem3	S001
3	70.7	71	S002 History Sem3	S002
3	60	60	S003 History Sem3	S003
3	67.9	68	S004 History Sem3	S004
3	85.5	86	S005 History Sem3	S005
3	81.9	82	S006 History Sem3	S006
3	71	71	S007 History Sem3	S007
3	66.5	66	S008 History Sem3	S008
3	56.9	57	S009 History Sem3	S009
3	67.3	67	S010 History Sem3	S010
3	51.9	52	S011 History Sem3	S011
3	72.5	72	S012 History Sem3	S012
3	71.3	71	S013 History Sem3	S013
3	75.1	75	S014 History Sem3	S014
3	35.8	36	S015 History Sem3	S015
3	63.9	64	S016 History Sem3	S016
3	62.8	63	S017 History Sem3	S017
3	74.6	75	S018 History Sem3	S018
3	53	53	S019 History Sem3	S019
3	50.9	51	S020 History Sem3	S020
3	81.3	81	S021 History Sem3	S021
3	75.2	75	S022 History Sem3	S022
3	84.5	84	S023 History Sem3	S023
3	67.2	67	S024 History Sem3	S024
3	70.4	70	S025 History Sem3	S025
3	51.6	52	S026 History Sem3	S026
3	59.6	60	S027 History Sem3	S027
3	79.9	80	S028 History Sem3	S028
3	53.3	53	S029 History Sem3	S029
3	75.5	76	S030 History Sem3	S030
3	51.3	51	S031 History Sem3	S031
3	71.3	71	S032 History Sem3	S032
3	57.6	58	S033 History Sem3	S033
3	85.4	85	S034 History Sem3	S034
3	74.9	75	S035 History Sem3	S035
3	73.9	74	S036 History Sem3	S036
3	79.1	79	S037 History Sem3	S037
3	65	65	S038 History Sem3	S038
3	59	59	S039 History Sem3	S039
3	69.9	70	S040 History Sem3	S040
3	56	56	S041 History Sem3	S041
3	75.2	75	S042 History Sem3	S042
3	69.4	69	S043 History Sem3	S043
3	86.9	87	S044 History Sem3	S044
3	58.9	59	S045 History Sem3	S045
3	76.5	76	S046 History Sem3	S046
3	72.1	72	S047 History Sem3	S047
3	77.7	78	S048 History Sem3	S048
3	70.6	71	S049 History Sem3	S049
3	91.5	92	S050 History Sem3	S050
4	81.2	81	S001 Mathematics Sem4	S001
4	75	75	S002 Mathematics Sem4	S002
4	52.2	52	S003 Mathematics Sem4	S003
4	63.8	64	S004 Mathematics Sem4	S004
4	71	71	S005 Mathematics Sem4	S005
4	68	68	S006 Mathematics Sem4	S006
4	70.2	70	S007 Mathematics Sem4	S007
4	60.8	61	S008 Mathematics Sem4	S008
4	51.1	51	S009 Mathematics Sem4	S009
4	56.7	57	S010 Mathematics Sem4	S010
4	51.5	52	S011 Mathematics Sem4	S011
4	63.6	64	S012 Mathematics Sem4	S012
4	75	75	S013 Mathematics Sem4	S013
4	56.3	56	S014 Mathematics Sem4	S014
4	38.2	38	S015 Mathematics Sem4	S015
4	59.8	60	S016 Mathematics Sem4	S016
4	51.9	52	S017 Mathematics Sem4	S017
4	69.3	69	S018 Mathematics Sem4	S018
4	38	38	S019 Mathematics Sem4	S019
4	34.8	35	S020 Mathematics Sem4	S020
4	79.3	79	S021 Mathematics Sem4	S021
4	63.3	63	S022 Mathematics Sem4	S022
4	68.1	68	S023 Mathematics Sem4	S023
4	59.5	60	S024 Mathematics Sem4	S024
4	69.5	70	S025 Mathematics Sem4	S025
4	48.7	49	S026 Mathematics Sem4	S026
4	63	63	S027 Mathematics Sem4	S027
4	75.6	76	S028 Mathematics Sem4	S028
4	38.2	38	S029 Mathematics Sem4	S029
4	51.9	52	S030 Mathematics Sem4	S030
4	41.7	42	S031 Mathematics Sem4	S031
4	60.9	61	S032 Mathematics Sem4	S032
4	56.2	56	S033 Mathematics Sem4	S033
4	66.4	66	S034 Mathematics Sem4	S034
4	51.3	51	S035 Mathematics Sem4	S035
4	68.5	68	S036 Mathematics Sem4	S036
4	66.6	67	S037 Mathematics Sem4	S037
4	48.3	48	S038 Mathematics Sem4	S038
4	52.9	53	S039 Mathematics Sem4	S039
4	65.7	66	S040 Mathematics Sem4	S040
4	49.6	50	S041 Mathematics Sem4	S041
4	67	67	S042 Mathematics Sem4	S042
4	66.3	66	S043 Mathematics Sem4	S043
4	76.8	77	S044 Mathematics Sem4	S044
4	53.9	54	S045 Mathematics Sem4	S045
4	69.6	70	S046 Mathematics Sem4	S046
4	56.3	56	S047 Mathematics Sem4	S047
4	67.4	67	S048 Mathematics Sem4	S048
4	62.3	62	S049 Mathematics Sem4	S049
4	86.3	86	S050 Mathematics Sem4	S050
4	74.6	75	S001 Physics Sem4	S001
4	67.2	67	S002 Physics Sem4	S002
4	59.4	59	S003 Physics Sem4	S003
4	61	61	S004 Physics Sem4	S004
4	75.6	76	S005 Physics Sem4	S005
4	74.2	74	S006 Physics Sem4	S006
4	66	66	S007 Physics Sem4	S007
4	56.7	57	S008 Physics Sem4	S008
4	54.7	55	S009 Physics Sem4	S009
4	50.6	51	S010 Physics Sem4	S010
4	50.8	51	S011 Physics Sem4	S011
4	72.9	73	S012 Physics Sem4	S012
4	67.7	68	S013 Physics Sem4	S013
4	66.6	67	S014 Physics Sem4	S014
4	34.1	34	S015 Physics Sem4	S015
4	59.8	60	S016 Physics Sem4	S016
4	59.7	60	S017 Physics Sem4	S017
4	66	66	S018 Physics Sem4	S018
4	41.3	41	S019 Physics Sem4	S019
4	45.9	46	S020 Physics Sem4	S020
4	76	76	S021 Physics Sem4	S021
4	65.9	66	S022 Physics Sem4	S022
4	66.7	67	S023 Physics Sem4	S023
4	61.6	62	S024 Physics Sem4	S024
4	68.7	69	S025 Physics Sem4	S025
4	48.5	48	S026 Physics Sem4	S026
4	58.6	59	S027 Physics Sem4	S027
4	80.6	81	S028 Physics Sem4	S028
4	53	53	S029 Physics Sem4	S029
4	62.5	62	S030 Physics Sem4	S030
4	46.9	47	S031 Physics Sem4	S031
4	56.8	57	S032 Physics Sem4	S032
4	61.7	62	S033 Physics Sem4	S033
4	71.6	72	S034 Physics Sem4	S034
4	54.6	55	S035 Physics Sem4	S035
4	66.1	66	S036 Physics Sem4	S036
4	75.9	76	S037 Physics Sem4	S037
4	53.6	54	S038 Physics Sem4	S038
4	64.7	65	S039 Physics Sem4	S039
4	69	69	S040 Physics Sem4	S040
4	46.8	47	S041 Physics Sem4	S041
4	70.2	70	S042 Physics Sem4	S042
4	70.4	70	S043 Physics Sem4	S043
4	83	83	S044 Physics Sem4	S044
4	54	54	S045 Physics Sem4	S045
4	71.7	72	S046 Physics Sem4	S046
4	71.1	71	S047 Physics Sem4	S047
4	65.3	65	S048 Physics Sem4	S048
4	63.3	63	S049 Physics Sem4	S049
4	82.4	82	S050 Physics Sem4	S050
4	78.8	79	S001 Chemistry Sem4	S001
4	72	72	S002 Chemistry Sem4	S002
4	64.6	65	S003 Chemistry Sem4	S003
4	62.5	62	S004 Chemistry Sem4	S004
4	88.9	89	S005 Chemistry Sem4	S005
4	77.3	77	S006 Chemistry Sem4	S006
4	74.1	74	S007 Chemistry Sem4	S007
4	61.4	61	S008 Chemistry Sem4	S008
4	57.5	58	S009 Chemistry Sem4	S009
4	59.8	60	S010 Chemistry Sem4	S010
4	50.4	50	S011 Chemistry Sem4	S011
4	70.3	70	S012 Chemistry Sem4	S012
4	69.5	70	S013 Chemistry Sem4	S013
4	60	60	S014 Chemistry Sem4	S014
4	32.3	32	S015 Chemistry Sem4	S015
4	67.4	67	S016 Chemistry Sem4	S016
4	54.7	55	S017 Chemistry Sem4	S017
4	71.2	71	S018 Chemistry Sem4	S018
4	48.7	49	S019 Chemistry Sem4	S019
4	52.9	53	S020 Chemistry Sem4	S020
4	68.2	68	S021 Chemistry Sem4	S021
4	66.7	67	S022 Chemistry Sem4	S022
4	82.2	82	S023 Chemistry Sem4	S023
4	66.1	66	S024 Chemistry Sem4	S024
4	76.8	77	S025 Chemistry Sem4	S025
4	54.2	54	S026 Chemistry Sem4	S026
4	63.9	64	S027 Chemistry Sem4	S027
4	72.9	73	S028 Chemistry Sem4	S028
4	49.1	49	S029 Chemistry Sem4	S029
4	60.8	61	S030 Chemistry Sem4	S030
4	59.3	59	S031 Chemistry Sem4	S031
4	63.6	64	S032 Chemistry Sem4	S032
4	65	65	S033 Chemistry Sem4	S033
4	78.9	79	S034 Chemistry Sem4	S034
4	61	61	S035 Chemistry Sem4	S035
4	77.8	78	S036 Chemistry Sem4	S036
4	66.9	67	S037 Chemistry Sem4	S037
4	60.1	60	S038 Chemistry Sem4	S038
4	65.6	66	S039 Chemistry Sem4	S039
4	72.2	72	S040 Chemistry Sem4	S040
4	48.9	49	S041 Chemistry Sem4	S041
4	71.3	71	S042 Chemistry Sem4	S042
4	68.4	68	S043 Chemistry Sem4	S043
4	86.1	86	S044 Chemistry Sem4	S044
4	49.5	50	S045 Chemistry Sem4	S045
4	65	65	S046 Chemistry Sem4	S046
4	66.7	67	S047 Chemistry Sem4	S047
4	66.4	66	S048 Chemistry Sem4	S048
4	73.5	74	S049 Chemistry Sem4	S049
4	76.1	76	S050 Chemistry Sem4	S050
4	80.4	80	S001 Biology Sem4	S001
4	74.1	74	S002 Biology Sem4	S002
4	63.1	63	S003 Biology Sem4	S003
4	61.8	62	S004 Biology Sem4	S004
4	76.9	77	S005 Biology Sem4	S005
4	86.5	86	S006 Biology Sem4	S006
4	85.9	86	S007 Biology Sem4	S007
4	64.8	65	S008 Biology Sem4	S008
4	55.6	56	S009 Biology Sem4	S009
4	54	54	S010 Biology Sem4	S010
4	51.9	52	S011 Biology Sem4	S011
4	72.6	73	S012 Biology Sem4	S012
4	73	73	S013 Biology Sem4	S013
4	75.9	76	S014 Biology Sem4	S014
4	33.3	33	S015 Biology Sem4	S015
4	60.8	61	S016 Biology Sem4	S016
4	56.4	56	S017 Biology Sem4	S017
4	80.2	80	S018 Biology Sem4	S018
4	49.8	50	S019 Biology Sem4	S019
4	47.5	48	S020 Biology Sem4	S020
4	80.5	80	S021 Biology Sem4	S021
4	70.6	71	S022 Biology Sem4	S022
4	78.2	78	S023 Biology Sem4	S023
4	65	65	S024 Biology Sem4	S024
4	79.7	80	S025 Biology Sem4	S025
4	55.7	56	S026 Biology Sem4	S026
4	71.5	72	S027 Biology Sem4	S027
4	70.2	70	S028 Biology Sem4	S028
4	54.7	55	S029 Biology Sem4	S029
4	64.7	65	S030 Biology Sem4	S030
4	55.1	55	S031 Biology Sem4	S031
4	63.6	64	S032 Biology Sem4	S032
4	64.1	64	S033 Biology Sem4	S033
4	85.4	85	S034 Biology Sem4	S034
4	59	59	S035 Biology Sem4	S035
4	78.3	78	S036 Biology Sem4	S036
4	70.7	71	S037 Biology Sem4	S037
4	59.8	60	S038 Biology Sem4	S038
4	65.2	65	S039 Biology Sem4	S039
4	71.5	72	S040 Biology Sem4	S040
4	56.8	57	S041 Biology Sem4	S041
4	62	62	S042 Biology Sem4	S042
4	74.6	75	S043 Biology Sem4	S043
4	97.5	98	S044 Biology Sem4	S044
4	48.1	48	S045 Biology Sem4	S045
4	62.8	63	S046 Biology Sem4	S046
4	78	78	S047 Biology Sem4	S047
4	76.4	76	S048 Biology Sem4	S048
4	67.1	67	S049 Biology Sem4	S049
4	88.5	88	S050 Biology Sem4	S050
4	77.8	78	S001 English Sem4	S001
4	78.5	78	S002 English Sem4	S002
4	66.7	67	S003 English Sem4	S003
4	75.2	75	S004 English Sem4	S004
4	80.6	81	S005 English Sem4	S005
4	80.2	80	S006 English Sem4	S006
4	76.1	76	S007 English Sem4	S007
4	69.2	69	S008 English Sem4	S008
4	56.6	57	S009 English Sem4	S009
4	56.3	56	S010 English Sem4	S010
4	55.2	55	S011 English Sem4	S011
4	78	78	S012 English Sem4	S012
4	78.3	78	S013 English Sem4	S013
4	73.4	73	S014 English Sem4	S014
4	31	31	S015 English Sem4	S015
4	68.3	68	S016 English Sem4	S016
4	48.1	48	S017 English Sem4	S017
4	73.8	74	S018 English Sem4	S018
4	56.1	56	S019 English Sem4	S019
4	55.9	56	S020 English Sem4	S020
4	88.5	88	S021 English Sem4	S021
4	75.4	75	S022 English Sem4	S022
4	77.8	78	S023 English Sem4	S023
4	73.7	74	S024 English Sem4	S024
4	78.6	79	S025 English Sem4	S025
4	57.3	57	S026 English Sem4	S026
4	68.4	68	S027 English Sem4	S027
4	82	82	S028 English Sem4	S028
4	53.6	54	S029 English Sem4	S029
4	65.1	65	S030 English Sem4	S030
4	58.3	58	S031 English Sem4	S031
4	79	79	S032 English Sem4	S032
4	64.1	64	S033 English Sem4	S033
4	79.7	80	S034 English Sem4	S034
4	67.7	68	S035 English Sem4	S035
4	80.1	80	S036 English Sem4	S036
4	67.7	68	S037 English Sem4	S037
4	72.5	72	S038 English Sem4	S038
4	64.7	65	S039 English Sem4	S039
4	74.3	74	S040 English Sem4	S040
4	66.3	66	S041 English Sem4	S041
4	68.3	68	S042 English Sem4	S042
4	80.8	81	S043 English Sem4	S043
4	93.1	93	S044 English Sem4	S044
4	64.7	65	S045 English Sem4	S045
4	71.1	71	S046 English Sem4	S046
4	72.6	73	S047 English Sem4	S047
4	70.9	71	S048 English Sem4	S048
4	71.4	71	S049 English Sem4	S049
4	89.1	89	S050 English Sem4	S050
4	75.2	75	S001 History Sem4	S001
4	79.6	80	S002 History Sem4	S002
4	61.8	62	S003 History Sem4	S003
4	74.1	74	S004 History Sem4	S004
4	77.8	78	S005 History Sem4	S005
4	81.7	82	S006 History Sem4	S006
4	71.3	71	S007 History Sem4	S007
4	70.2	70	S008 History Sem4	S008
4	62	62	S009 History Sem4	S009
4	62.3	62	S010 History Sem4	S010
4	56.8	57	S011 History Sem4	S011
4	79.1	79	S012 History Sem4	S012
4	76.7	77	S013 History Sem4	S013
4	73.5	74	S014 History Sem4	S014
4	51	51	S015 History Sem4	S015
4	71.8	72	S016 History Sem4	S016
4	65.9	66	S017 History Sem4	S017
4	73.6	74	S018 History Sem4	S018
4	47.9	48	S019 History Sem4	S019
4	45.4	45	S020 History Sem4	S020
4	93.1	93	S021 History Sem4	S021
4	75.6	76	S022 History Sem4	S022
4	76.5	76	S023 History Sem4	S023
4	66.8	67	S024 History Sem4	S024
4	73.9	74	S025 History Sem4	S025
4	64.3	64	S026 History Sem4	S026
4	70.9	71	S027 History Sem4	S027
4	79.3	79	S028 History Sem4	S028
4	49.7	50	S029 History Sem4	S029
4	71.4	71	S030 History Sem4	S030
4	59.8	60	S031 History Sem4	S031
4	68.3	68	S032 History Sem4	S032
4	65.4	65	S033 History Sem4	S033
4	84	84	S034 History Sem4	S034
4	66.3	66	S035 History Sem4	S035
4	70.4	70	S036 History Sem4	S036
4	72.4	72	S037 History Sem4	S037
4	62.5	62	S038 History Sem4	S038
4	61.2	61	S039 History Sem4	S039
4	67.5	68	S040 History Sem4	S040
4	70.8	71	S041 History Sem4	S041
4	72.9	73	S042 History Sem4	S042
4	80.2	80	S043 History Sem4	S043
4	94.2	94	S044 History Sem4	S044
4	55.3	55	S045 History Sem4	S045
4	71.8	72	S046 History Sem4	S046
4	68.3	68	S047 History Sem4	S047
4	69.1	69	S048 History Sem4	S048
4	77.6	78	S049 History Sem4	S049
4	91.9	92	S050 History Sem4	S050
5	77.1	77	S001 Mathematics Sem5	S001
5	75	75	S002 Mathematics Sem5	S002
5	52.8	53	S003 Mathematics Sem5	S003
5	62.4	62	S004 Mathematics Sem5	S004
5	71.7	72	S005 Mathematics Sem5	S005
5	77.4	77	S006 Mathematics Sem5	S006
5	76.4	76	S007 Mathematics Sem5	S007
5	62.6	63	S008 Mathematics Sem5	S008
5	53.7	54	S009 Mathematics Sem5	S009
5	52.3	52	S010 Mathematics Sem5	S010
5	42.5	42	S011 Mathematics Sem5	S011
5	66.2	66	S012 Mathematics Sem5	S012
5	66	66	S013 Mathematics Sem5	S013
5	59.6	60	S014 Mathematics Sem5	S014
5	32.1	32	S015 Mathematics Sem5	S015
5	69.4	69	S016 Mathematics Sem5	S016
5	53.5	54	S017 Mathematics Sem5	S017
5	66.5	66	S018 Mathematics Sem5	S018
5	47.2	47	S019 Mathematics Sem5	S019
5	49.7	50	S020 Mathematics Sem5	S020
5	76	76	S021 Mathematics Sem5	S021
5	71.4	71	S022 Mathematics Sem5	S022
5	87.6	88	S023 Mathematics Sem5	S023
5	67.9	68	S024 Mathematics Sem5	S024
5	69.3	69	S025 Mathematics Sem5	S025
5	56.6	57	S026 Mathematics Sem5	S026
5	62.4	62	S027 Mathematics Sem5	S027
5	74.3	74	S028 Mathematics Sem5	S028
5	40.9	41	S029 Mathematics Sem5	S029
5	58.4	58	S030 Mathematics Sem5	S030
5	49	49	S031 Mathematics Sem5	S031
5	55.4	55	S032 Mathematics Sem5	S032
5	65.8	66	S033 Mathematics Sem5	S033
5	73.5	74	S034 Mathematics Sem5	S034
5	71.2	71	S035 Mathematics Sem5	S035
5	75.6	76	S036 Mathematics Sem5	S036
5	78.4	78	S037 Mathematics Sem5	S037
5	50.1	50	S038 Mathematics Sem5	S038
5	57.3	57	S039 Mathematics Sem5	S039
5	72.5	72	S040 Mathematics Sem5	S040
5	56.4	56	S041 Mathematics Sem5	S041
5	52.6	53	S042 Mathematics Sem5	S042
5	73.2	73	S043 Mathematics Sem5	S043
5	79.6	80	S044 Mathematics Sem5	S044
5	55	55	S045 Mathematics Sem5	S045
5	76.6	77	S046 Mathematics Sem5	S046
5	71.1	71	S047 Mathematics Sem5	S047
5	65.6	66	S048 Mathematics Sem5	S048
5	73.8	74	S049 Mathematics Sem5	S049
5	81.2	81	S050 Mathematics Sem5	S050
5	81.4	81	S001 Physics Sem5	S001
5	76.7	77	S002 Physics Sem5	S002
5	64.1	64	S003 Physics Sem5	S003
5	76.1	76	S004 Physics Sem5	S004
5	80.7	81	S005 Physics Sem5	S005
5	83.6	84	S006 Physics Sem5	S006
5	77.1	77	S007 Physics Sem5	S007
5	75.5	76	S008 Physics Sem5	S008
5	60.9	61	S009 Physics Sem5	S009
5	57.5	58	S010 Physics Sem5	S010
5	52.5	52	S011 Physics Sem5	S011
5	71.1	71	S012 Physics Sem5	S012
5	82.2	82	S013 Physics Sem5	S013
5	70.5	70	S014 Physics Sem5	S014
5	33.9	34	S015 Physics Sem5	S015
5	66.3	66	S016 Physics Sem5	S016
5	53.7	54	S017 Physics Sem5	S017
5	75.3	75	S018 Physics Sem5	S018
5	50.7	51	S019 Physics Sem5	S019
5	40.4	40	S020 Physics Sem5	S020
5	80.1	80	S021 Physics Sem5	S021
5	73.9	74	S022 Physics Sem5	S022
5	73.1	73	S023 Physics Sem5	S023
5	64.6	65	S024 Physics Sem5	S024
5	64.3	64	S025 Physics Sem5	S025
5	47.8	48	S026 Physics Sem5	S026
5	70.4	70	S027 Physics Sem5	S027
5	67.8	68	S028 Physics Sem5	S028
5	47.4	47	S029 Physics Sem5	S029
5	71.4	71	S030 Physics Sem5	S030
5	51.7	52	S031 Physics Sem5	S031
5	62.5	62	S032 Physics Sem5	S032
5	57.3	57	S033 Physics Sem5	S033
5	81.5	82	S034 Physics Sem5	S034
5	57.6	58	S035 Physics Sem5	S035
5	70.5	70	S036 Physics Sem5	S036
5	71.7	72	S037 Physics Sem5	S037
5	60.2	60	S038 Physics Sem5	S038
5	59.4	59	S039 Physics Sem5	S039
5	77.7	78	S040 Physics Sem5	S040
5	65.9	66	S041 Physics Sem5	S041
5	79.1	79	S042 Physics Sem5	S042
5	69.7	70	S043 Physics Sem5	S043
5	90.1	90	S044 Physics Sem5	S044
5	57.8	58	S045 Physics Sem5	S045
5	65	65	S046 Physics Sem5	S046
5	68.3	68	S047 Physics Sem5	S047
5	74.6	75	S048 Physics Sem5	S048
5	71.4	71	S049 Physics Sem5	S049
5	88.2	88	S050 Physics Sem5	S050
5	74.5	74	S001 Chemistry Sem5	S001
5	85.5	86	S002 Chemistry Sem5	S002
5	60.8	61	S003 Chemistry Sem5	S003
5	69.8	70	S004 Chemistry Sem5	S004
5	79.2	79	S005 Chemistry Sem5	S005
5	86.1	86	S006 Chemistry Sem5	S006
5	83.7	84	S007 Chemistry Sem5	S007
5	73.2	73	S008 Chemistry Sem5	S008
5	52.7	53	S009 Chemistry Sem5	S009
5	57.6	58	S010 Chemistry Sem5	S010
5	47.7	48	S011 Chemistry Sem5	S011
5	65.8	66	S012 Chemistry Sem5	S012
5	86.5	86	S013 Chemistry Sem5	S013
5	73.1	73	S014 Chemistry Sem5	S014
5	36.7	37	S015 Chemistry Sem5	S015
5	63.9	64	S016 Chemistry Sem5	S016
5	60.4	60	S017 Chemistry Sem5	S017
5	72.4	72	S018 Chemistry Sem5	S018
5	45.5	46	S019 Chemistry Sem5	S019
5	43.6	44	S020 Chemistry Sem5	S020
5	78.7	79	S021 Chemistry Sem5	S021
5	67.1	67	S022 Chemistry Sem5	S022
5	86.7	87	S023 Chemistry Sem5	S023
5	60.3	60	S024 Chemistry Sem5	S024
5	68	68	S025 Chemistry Sem5	S025
5	50.7	51	S026 Chemistry Sem5	S026
5	66	66	S027 Chemistry Sem5	S027
5	70.1	70	S028 Chemistry Sem5	S028
5	46.8	47	S029 Chemistry Sem5	S029
5	66.6	67	S030 Chemistry Sem5	S030
5	49.4	49	S031 Chemistry Sem5	S031
5	69.1	69	S032 Chemistry Sem5	S032
5	60.3	60	S033 Chemistry Sem5	S033
5	76.7	77	S034 Chemistry Sem5	S034
5	58	58	S035 Chemistry Sem5	S035
5	70.5	70	S036 Chemistry Sem5	S036
5	67.1	67	S037 Chemistry Sem5	S037
5	59.9	60	S038 Chemistry Sem5	S038
5	61.2	61	S039 Chemistry Sem5	S039
5	72.7	73	S040 Chemistry Sem5	S040
5	60.5	60	S041 Chemistry Sem5	S041
5	72.6	73	S042 Chemistry Sem5	S042
5	79.4	79	S043 Chemistry Sem5	S043
5	87.7	88	S044 Chemistry Sem5	S044
5	58.3	58	S045 Chemistry Sem5	S045
5	70.9	71	S046 Chemistry Sem5	S046
5	65.9	66	S047 Chemistry Sem5	S047
5	76.7	77	S048 Chemistry Sem5	S048
5	72.8	73	S049 Chemistry Sem5	S049
5	94.9	95	S050 Chemistry Sem5	S050
5	78.6	79	S001 Biology Sem5	S001
5	79.9	80	S002 Biology Sem5	S002
5	65.9	66	S003 Biology Sem5	S003
5	55.7	56	S004 Biology Sem5	S004
5	86.8	87	S005 Biology Sem5	S005
5	91.1	91	S006 Biology Sem5	S006
5	70	70	S007 Biology Sem5	S007
5	61	61	S008 Biology Sem5	S008
5	55.6	56	S009 Biology Sem5	S009
5	55	55	S010 Biology Sem5	S010
5	65.8	66	S011 Biology Sem5	S011
5	75.5	76	S012 Biology Sem5	S012
5	76.9	77	S013 Biology Sem5	S013
5	80.8	81	S014 Biology Sem5	S014
5	35.3	35	S015 Biology Sem5	S015
5	68.9	69	S016 Biology Sem5	S016
5	62.7	63	S017 Biology Sem5	S017
5	70.8	71	S018 Biology Sem5	S018
5	53.5	54	S019 Biology Sem5	S019
5	51.5	52	S020 Biology Sem5	S020
5	82.4	82	S021 Biology Sem5	S021
5	77.5	78	S022 Biology Sem5	S022
5	82.8	83	S023 Biology Sem5	S023
5	69.1	69	S024 Biology Sem5	S024
5	69.9	70	S025 Biology Sem5	S025
5	57.8	58	S026 Biology Sem5	S026
5	73.5	74	S027 Biology Sem5	S027
5	76.3	76	S028 Biology Sem5	S028
5	43.9	44	S029 Biology Sem5	S029
5	68.2	68	S030 Biology Sem5	S030
5	54.2	54	S031 Biology Sem5	S031
5	69.2	69	S032 Biology Sem5	S032
5	66	66	S033 Biology Sem5	S033
5	75.2	75	S034 Biology Sem5	S034
5	75.6	76	S035 Biology Sem5	S035
5	67.3	67	S036 Biology Sem5	S036
5	73.8	74	S037 Biology Sem5	S037
5	72	72	S038 Biology Sem5	S038
5	56.7	57	S039 Biology Sem5	S039
5	75.9	76	S040 Biology Sem5	S040
5	65.3	65	S041 Biology Sem5	S041
5	68.7	69	S042 Biology Sem5	S042
5	68.1	68	S043 Biology Sem5	S043
5	86.2	86	S044 Biology Sem5	S044
5	63	63	S045 Biology Sem5	S045
5	69.1	69	S046 Biology Sem5	S046
5	71.8	72	S047 Biology Sem5	S047
5	77.8	78	S048 Biology Sem5	S048
5	81.1	81	S049 Biology Sem5	S049
5	88.2	88	S050 Biology Sem5	S050
5	87.9	88	S001 English Sem5	S001
5	71.7	72	S002 English Sem5	S002
5	72.2	72	S003 English Sem5	S003
5	80.9	81	S004 English Sem5	S004
5	84.3	84	S005 English Sem5	S005
5	87	87	S006 English Sem5	S006
5	77.9	78	S007 English Sem5	S007
5	81.9	82	S008 English Sem5	S008
5	57.3	57	S009 English Sem5	S009
5	58.9	59	S010 English Sem5	S010
5	53	53	S011 English Sem5	S011
5	74	74	S012 English Sem5	S012
5	82	82	S013 English Sem5	S013
5	86.6	87	S014 English Sem5	S014
5	43.6	44	S015 English Sem5	S015
5	68.7	69	S016 English Sem5	S016
5	63.3	63	S017 English Sem5	S017
5	73.3	73	S018 English Sem5	S018
5	56.9	57	S019 English Sem5	S019
5	57.1	57	S020 English Sem5	S020
5	80.1	80	S021 English Sem5	S021
5	66	66	S022 English Sem5	S022
5	81.7	82	S023 English Sem5	S023
5	68.9	69	S024 English Sem5	S024
5	75.5	76	S025 English Sem5	S025
5	62.3	62	S026 English Sem5	S026
5	74.9	75	S027 English Sem5	S027
5	77.4	77	S028 English Sem5	S028
5	57.1	57	S029 English Sem5	S029
5	74.3	74	S030 English Sem5	S030
5	55	55	S031 English Sem5	S031
5	78.1	78	S032 English Sem5	S032
5	68.4	68	S033 English Sem5	S033
5	81.1	81	S034 English Sem5	S034
5	64.8	65	S035 English Sem5	S035
5	79.6	80	S036 English Sem5	S036
5	69.7	70	S037 English Sem5	S037
5	66.7	67	S038 English Sem5	S038
5	62.2	62	S039 English Sem5	S039
5	82.4	82	S040 English Sem5	S040
5	65.6	66	S041 English Sem5	S041
5	84.1	84	S042 English Sem5	S042
5	77.3	77	S043 English Sem5	S043
5	91.1	91	S044 English Sem5	S044
5	51.9	52	S045 English Sem5	S045
5	64.9	65	S046 English Sem5	S046
5	76.4	76	S047 English Sem5	S047
5	80.5	80	S048 English Sem5	S048
5	81.5	82	S049 English Sem5	S049
5	87.2	87	S050 English Sem5	S050
5	95.5	96	S001 History Sem5	S001
5	76.8	77	S002 History Sem5	S002
5	75.5	76	S003 History Sem5	S003
5	65.6	66	S004 History Sem5	S004
5	83.1	83	S005 History Sem5	S005
5	86.1	86	S006 History Sem5	S006
5	84.5	84	S007 History Sem5	S007
5	70.5	70	S008 History Sem5	S008
5	69.2	69	S009 History Sem5	S009
5	68.7	69	S010 History Sem5	S010
5	58.6	59	S011 History Sem5	S011
5	84.6	85	S012 History Sem5	S012
5	80.5	80	S013 History Sem5	S013
5	72.4	72	S014 History Sem5	S014
5	39.3	39	S015 History Sem5	S015
5	69.7	70	S016 History Sem5	S016
5	72.6	73	S017 History Sem5	S017
5	74.7	75	S018 History Sem5	S018
5	60.1	60	S019 History Sem5	S019
5	54.9	55	S020 History Sem5	S020
5	88.5	88	S021 History Sem5	S021
5	71.9	72	S022 History Sem5	S022
5	93.9	94	S023 History Sem5	S023
5	79.9	80	S024 History Sem5	S024
5	63.5	64	S025 History Sem5	S025
5	59.3	59	S026 History Sem5	S026
5	79.4	79	S027 History Sem5	S027
5	87.2	87	S028 History Sem5	S028
5	54.6	55	S029 History Sem5	S029
5	71.8	72	S030 History Sem5	S030
5	58.9	59	S031 History Sem5	S031
5	63.9	64	S032 History Sem5	S032
5	64	64	S033 History Sem5	S033
5	81.4	81	S034 History Sem5	S034
5	75.6	76	S035 History Sem5	S035
5	79.7	80	S036 History Sem5	S036
5	78.5	78	S037 History Sem5	S037
5	66.4	66	S038 History Sem5	S038
5	61	61	S039 History Sem5	S039
5	77.1	77	S040 History Sem5	S040
5	59.1	59	S041 History Sem5	S041
5	69	69	S042 History Sem5	S042
5	79.2	79	S043 History Sem5	S043
5	100	100	S044 History Sem5	S044
5	58.2	58	S045 History Sem5	S045
5	76.8	77	S046 History Sem5	S046
5	66.8	67	S047 History Sem5	S047
5	84.2	84	S048 History Sem5	S048
5	81.6	82	S049 History Sem5	S049
5	95.6	96	S050 History Sem5	S050
6	68.6	69	S001 Mathematics Sem6	S001
6	69.2	69	S002 Mathematics Sem6	S002
6	60.4	60	S003 Mathematics Sem6	S003
6	54	54	S004 Mathematics Sem6	S004
6	66.5	66	S005 Mathematics Sem6	S005
6	73.1	73	S006 Mathematics Sem6	S006
6	63.4	63	S007 Mathematics Sem6	S007
6	68.2	68	S008 Mathematics Sem6	S008
6	57.5	58	S009 Mathematics Sem6	S009
6	53.2	53	S010 Mathematics Sem6	S010
6	46.1	46	S011 Mathematics Sem6	S011
6	71.9	72	S012 Mathematics Sem6	S012
6	81.5	82	S013 Mathematics Sem6	S013
6	68.3	68	S014 Mathematics Sem6	S014
6	34.5	34	S015 Mathematics Sem6	S015
6	68.6	69	S016 Mathematics Sem6	S016
6	59.5	60	S017 Mathematics Sem6	S017
6	71.9	72	S018 Mathematics Sem6	S018
6	54.4	54	S019 Mathematics Sem6	S019
6	38	38	S020 Mathematics Sem6	S020
6	82.4	82	S021 Mathematics Sem6	S021
6	70.5	70	S022 Mathematics Sem6	S022
6	81.4	81	S023 Mathematics Sem6	S023
6	66.3	66	S024 Mathematics Sem6	S024
6	73.1	73	S025 Mathematics Sem6	S025
6	47.8	48	S026 Mathematics Sem6	S026
6	69.7	70	S027 Mathematics Sem6	S027
6	73.3	73	S028 Mathematics Sem6	S028
6	36.2	36	S029 Mathematics Sem6	S029
6	63.3	63	S030 Mathematics Sem6	S030
6	58.9	59	S031 Mathematics Sem6	S031
6	58	58	S032 Mathematics Sem6	S032
6	60.5	60	S033 Mathematics Sem6	S033
6	85.8	86	S034 Mathematics Sem6	S034
6	57.2	57	S035 Mathematics Sem6	S035
6	65.9	66	S036 Mathematics Sem6	S036
6	63.6	64	S037 Mathematics Sem6	S037
6	68	68	S038 Mathematics Sem6	S038
6	61.8	62	S039 Mathematics Sem6	S039
6	69.9	70	S040 Mathematics Sem6	S040
6	56	56	S041 Mathematics Sem6	S041
6	74.1	74	S042 Mathematics Sem6	S042
6	65.9	66	S043 Mathematics Sem6	S043
6	91.6	92	S044 Mathematics Sem6	S044
6	54	54	S045 Mathematics Sem6	S045
6	72.7	73	S046 Mathematics Sem6	S046
6	69.8	70	S047 Mathematics Sem6	S047
6	70.5	70	S048 Mathematics Sem6	S048
6	77.4	77	S049 Mathematics Sem6	S049
6	83	83	S050 Mathematics Sem6	S050
6	81.4	81	S001 Physics Sem6	S001
6	82.8	83	S002 Physics Sem6	S002
6	62.8	63	S003 Physics Sem6	S003
6	63.6	64	S004 Physics Sem6	S004
6	75.9	76	S005 Physics Sem6	S005
6	77.8	78	S006 Physics Sem6	S006
6	78.6	79	S007 Physics Sem6	S007
6	61.9	62	S008 Physics Sem6	S008
6	55.8	56	S009 Physics Sem6	S009
6	49.3	49	S010 Physics Sem6	S010
6	47.5	48	S011 Physics Sem6	S011
6	75	75	S012 Physics Sem6	S012
6	84.8	85	S013 Physics Sem6	S013
6	76	76	S014 Physics Sem6	S014
6	39.9	40	S015 Physics Sem6	S015
6	69.1	69	S016 Physics Sem6	S016
6	66.5	66	S017 Physics Sem6	S017
6	74.9	75	S018 Physics Sem6	S018
6	55.9	56	S019 Physics Sem6	S019
6	52.7	53	S020 Physics Sem6	S020
6	84.4	84	S021 Physics Sem6	S021
6	68	68	S022 Physics Sem6	S022
6	75.6	76	S023 Physics Sem6	S023
6	65.6	66	S024 Physics Sem6	S024
6	84.3	84	S025 Physics Sem6	S025
6	51.4	51	S026 Physics Sem6	S026
6	60.9	61	S027 Physics Sem6	S027
6	74.4	74	S028 Physics Sem6	S028
6	37.2	37	S029 Physics Sem6	S029
6	66.5	66	S030 Physics Sem6	S030
6	57.6	58	S031 Physics Sem6	S031
6	74.7	75	S032 Physics Sem6	S032
6	68.7	69	S033 Physics Sem6	S033
6	78.4	78	S034 Physics Sem6	S034
6	65	65	S035 Physics Sem6	S035
6	76.9	77	S036 Physics Sem6	S036
6	80.3	80	S037 Physics Sem6	S037
6	62.9	63	S038 Physics Sem6	S038
6	59.8	60	S039 Physics Sem6	S039
6	78.6	79	S040 Physics Sem6	S040
6	61.1	61	S041 Physics Sem6	S041
6	76	76	S042 Physics Sem6	S042
6	66	66	S043 Physics Sem6	S043
6	91.8	92	S044 Physics Sem6	S044
6	56.2	56	S045 Physics Sem6	S045
6	72.6	73	S046 Physics Sem6	S046
6	71.8	72	S047 Physics Sem6	S047
6	66.4	66	S048 Physics Sem6	S048
6	80.5	80	S049 Physics Sem6	S049
6	91.8	92	S050 Physics Sem6	S050
6	77	77	S001 Chemistry Sem6	S001
6	70.1	70	S002 Chemistry Sem6	S002
6	69.1	69	S003 Chemistry Sem6	S003
6	69.6	70	S004 Chemistry Sem6	S004
6	82.1	82	S005 Chemistry Sem6	S005
6	86.3	86	S006 Chemistry Sem6	S006
6	73.1	73	S007 Chemistry Sem6	S007
6	65.8	66	S008 Chemistry Sem6	S008
6	55.5	56	S009 Chemistry Sem6	S009
6	53.2	53	S010 Chemistry Sem6	S010
6	52.7	53	S011 Chemistry Sem6	S011
6	78.1	78	S012 Chemistry Sem6	S012
6	71.9	72	S013 Chemistry Sem6	S013
6	67.2	67	S014 Chemistry Sem6	S014
6	31.8	32	S015 Chemistry Sem6	S015
6	72	72	S016 Chemistry Sem6	S016
6	63.2	63	S017 Chemistry Sem6	S017
6	80.7	81	S018 Chemistry Sem6	S018
6	47.6	48	S019 Chemistry Sem6	S019
6	47.7	48	S020 Chemistry Sem6	S020
6	84	84	S021 Chemistry Sem6	S021
6	78.5	78	S022 Chemistry Sem6	S022
6	80.1	80	S023 Chemistry Sem6	S023
6	70.5	70	S024 Chemistry Sem6	S024
6	75.1	75	S025 Chemistry Sem6	S025
6	45.6	46	S026 Chemistry Sem6	S026
6	65.2	65	S027 Chemistry Sem6	S027
6	82.3	82	S028 Chemistry Sem6	S028
6	50.4	50	S029 Chemistry Sem6	S029
6	60.6	61	S030 Chemistry Sem6	S030
6	53.2	53	S031 Chemistry Sem6	S031
6	62.5	62	S032 Chemistry Sem6	S032
6	68.7	69	S033 Chemistry Sem6	S033
6	88	88	S034 Chemistry Sem6	S034
6	59	59	S035 Chemistry Sem6	S035
6	74.6	75	S036 Chemistry Sem6	S036
6	72.2	72	S037 Chemistry Sem6	S037
6	72.6	73	S038 Chemistry Sem6	S038
6	60.6	61	S039 Chemistry Sem6	S039
6	78	78	S040 Chemistry Sem6	S040
6	59.8	60	S041 Chemistry Sem6	S041
6	66	66	S042 Chemistry Sem6	S042
6	75.5	76	S043 Chemistry Sem6	S043
6	91.4	91	S044 Chemistry Sem6	S044
6	56.8	57	S045 Chemistry Sem6	S045
6	70.9	71	S046 Chemistry Sem6	S046
6	66.4	66	S047 Chemistry Sem6	S047
6	70.6	71	S048 Chemistry Sem6	S048
6	75.8	76	S049 Chemistry Sem6	S049
6	93	93	S050 Chemistry Sem6	S050
6	78.2	78	S001 Biology Sem6	S001
6	73.6	74	S002 Biology Sem6	S002
6	67.7	68	S003 Biology Sem6	S003
6	69.6	70	S004 Biology Sem6	S004
6	83.9	84	S005 Biology Sem6	S005
6	80.6	81	S006 Biology Sem6	S006
6	84.4	84	S007 Biology Sem6	S007
6	65.1	65	S008 Biology Sem6	S008
6	64.7	65	S009 Biology Sem6	S009
6	74.6	75	S010 Biology Sem6	S010
6	45	45	S011 Biology Sem6	S011
6	79	79	S012 Biology Sem6	S012
6	84.7	85	S013 Biology Sem6	S013
6	77.1	77	S014 Biology Sem6	S014
6	39.7	40	S015 Biology Sem6	S015
6	68.1	68	S016 Biology Sem6	S016
6	58.6	59	S017 Biology Sem6	S017
6	70.7	71	S018 Biology Sem6	S018
6	51	51	S019 Biology Sem6	S019
6	56.3	56	S020 Biology Sem6	S020
6	87.2	87	S021 Biology Sem6	S021
6	78.1	78	S022 Biology Sem6	S022
6	82.7	83	S023 Biology Sem6	S023
6	64.9	65	S024 Biology Sem6	S024
6	76.4	76	S025 Biology Sem6	S025
6	53	53	S026 Biology Sem6	S026
6	79.7	80	S027 Biology Sem6	S027
6	81.5	82	S028 Biology Sem6	S028
6	58	58	S029 Biology Sem6	S029
6	70.9	71	S030 Biology Sem6	S030
6	60.2	60	S031 Biology Sem6	S031
6	68	68	S032 Biology Sem6	S032
6	70.8	71	S033 Biology Sem6	S033
6	90.3	90	S034 Biology Sem6	S034
6	67.5	68	S035 Biology Sem6	S035
6	69	69	S036 Biology Sem6	S036
6	75.9	76	S037 Biology Sem6	S037
6	64.6	65	S038 Biology Sem6	S038
6	64.5	64	S039 Biology Sem6	S039
6	76.5	76	S040 Biology Sem6	S040
6	59.8	60	S041 Biology Sem6	S041
6	73	73	S042 Biology Sem6	S042
6	80.8	81	S043 Biology Sem6	S043
6	91.9	92	S044 Biology Sem6	S044
6	61.4	61	S045 Biology Sem6	S045
6	73.9	74	S046 Biology Sem6	S046
6	69.4	69	S047 Biology Sem6	S047
6	78.4	78	S048 Biology Sem6	S048
6	81.9	82	S049 Biology Sem6	S049
6	98.8	99	S050 Biology Sem6	S050
6	85.2	85	S001 English Sem6	S001
6	77.9	78	S002 English Sem6	S002
6	68.5	68	S003 English Sem6	S003
6	69.6	70	S004 English Sem6	S004
6	85.2	85	S005 English Sem6	S005
6	90	90	S006 English Sem6	S006
6	74.8	75	S007 English Sem6	S007
6	70.3	70	S008 English Sem6	S008
6	59.6	60	S009 English Sem6	S009
6	63.8	64	S010 English Sem6	S010
6	58.8	59	S011 English Sem6	S011
6	78	78	S012 English Sem6	S012
6	78.2	78	S013 English Sem6	S013
6	74.5	74	S014 English Sem6	S014
6	43.2	43	S015 English Sem6	S015
6	59.8	60	S016 English Sem6	S016
6	64.7	65	S017 English Sem6	S017
6	72.8	73	S018 English Sem6	S018
6	64.4	64	S019 English Sem6	S019
6	54.7	55	S020 English Sem6	S020
6	86.3	86	S021 English Sem6	S021
6	66.9	67	S022 English Sem6	S022
6	90.4	90	S023 English Sem6	S023
6	75.3	75	S024 English Sem6	S024
6	77.4	77	S025 English Sem6	S025
6	54.9	55	S026 English Sem6	S026
6	69.7	70	S027 English Sem6	S027
6	86.2	86	S028 English Sem6	S028
6	57.1	57	S029 English Sem6	S029
6	75.9	76	S030 English Sem6	S030
6	61.2	61	S031 English Sem6	S031
6	68.4	68	S032 English Sem6	S032
6	67	67	S033 English Sem6	S033
6	89.3	89	S034 English Sem6	S034
6	63.4	63	S035 English Sem6	S035
6	75.6	76	S036 English Sem6	S036
6	77.1	77	S037 English Sem6	S037
6	71.1	71	S038 English Sem6	S038
6	62.7	63	S039 English Sem6	S039
6	77.9	78	S040 English Sem6	S040
6	73.8	74	S041 English Sem6	S041
6	64.9	65	S042 English Sem6	S042
6	70.7	71	S043 English Sem6	S043
6	92.3	92	S044 English Sem6	S044
6	67.4	67	S045 English Sem6	S045
6	76	76	S046 English Sem6	S046
6	71.1	71	S047 English Sem6	S047
6	81.8	82	S048 English Sem6	S048
6	81.8	82	S049 English Sem6	S049
6	90.4	90	S050 English Sem6	S050
6	79.2	79	S001 History Sem6	S001
6	85.7	86	S002 History Sem6	S002
6	72.8	73	S003 History Sem6	S003
6	76.9	77	S004 History Sem6	S004
6	86.1	86	S005 History Sem6	S005
6	85.8	86	S006 History Sem6	S006
6	82.2	82	S007 History Sem6	S007
6	71	71	S008 History Sem6	S008
6	57	57	S009 History Sem6	S009
6	66.5	66	S010 History Sem6	S010
6	69	69	S011 History Sem6	S011
6	72.4	72	S012 History Sem6	S012
6	79.8	80	S013 History Sem6	S013
6	72.1	72	S014 History Sem6	S014
6	45	45	S015 History Sem6	S015
6	80.4	80	S016 History Sem6	S016
6	74.3	74	S017 History Sem6	S017
6	81.3	81	S018 History Sem6	S018
6	55.2	55	S019 History Sem6	S019
6	56.4	56	S020 History Sem6	S020
6	84.6	85	S021 History Sem6	S021
6	78.7	79	S022 History Sem6	S022
6	99	99	S023 History Sem6	S023
6	77.4	77	S024 History Sem6	S024
6	77.8	78	S025 History Sem6	S025
6	69.6	70	S026 History Sem6	S026
6	79.9	80	S027 History Sem6	S027
6	82.4	82	S028 History Sem6	S028
6	54.7	55	S029 History Sem6	S029
6	78.5	78	S030 History Sem6	S030
6	56.2	56	S031 History Sem6	S031
6	72.6	73	S032 History Sem6	S032
6	67.6	68	S033 History Sem6	S033
6	82.1	82	S034 History Sem6	S034
6	64.1	64	S035 History Sem6	S035
6	85.8	86	S036 History Sem6	S036
6	74.4	74	S037 History Sem6	S037
6	72.6	73	S038 History Sem6	S038
6	73.2	73	S039 History Sem6	S039
6	83	83	S040 History Sem6	S040
6	64.2	64	S041 History Sem6	S041
6	67.8	68	S042 History Sem6	S042
6	88	88	S043 History Sem6	S043
6	99.1	99	S044 History Sem6	S044
6	67.5	68	S045 History Sem6	S045
6	81.6	82	S046 History Sem6	S046
6	77.6	78	S047 History Sem6	S047
6	82.2	82	S048 History Sem6	S048
6	84.7	85	S049 History Sem6	S049
6	100	100	S050 History Sem6	S050
7	87.9	88	S001 Mathematics Sem7	S001
7	82.6	83	S002 Mathematics Sem7	S002
7	60	60	S003 Mathematics Sem7	S003
7	61.4	61	S004 Mathematics Sem7	S004
7	89.5	90	S005 Mathematics Sem7	S005
7	78.7	79	S006 Mathematics Sem7	S006
7	71	71	S007 Mathematics Sem7	S007
7	72	72	S008 Mathematics Sem7	S008
7	61.6	62	S009 Mathematics Sem7	S009
7	63	63	S010 Mathematics Sem7	S010
7	52.4	52	S011 Mathematics Sem7	S011
7	74.6	75	S012 Mathematics Sem7	S012
7	84.7	85	S013 Mathematics Sem7	S013
7	71.8	72	S014 Mathematics Sem7	S014
7	33.1	33	S015 Mathematics Sem7	S015
7	69.1	69	S016 Mathematics Sem7	S016
7	57.6	58	S017 Mathematics Sem7	S017
7	60.1	60	S018 Mathematics Sem7	S018
7	56.7	57	S019 Mathematics Sem7	S019
7	50.8	51	S020 Mathematics Sem7	S020
7	80.3	80	S021 Mathematics Sem7	S021
7	63.3	63	S022 Mathematics Sem7	S022
7	76.7	77	S023 Mathematics Sem7	S023
7	71.3	71	S024 Mathematics Sem7	S024
7	72.1	72	S025 Mathematics Sem7	S025
7	57.2	57	S026 Mathematics Sem7	S026
7	77.2	77	S027 Mathematics Sem7	S027
7	76.4	76	S028 Mathematics Sem7	S028
7	47.4	47	S029 Mathematics Sem7	S029
7	66.3	66	S030 Mathematics Sem7	S030
7	59.3	59	S031 Mathematics Sem7	S031
7	68.6	69	S032 Mathematics Sem7	S032
7	62.9	63	S033 Mathematics Sem7	S033
7	78.4	78	S034 Mathematics Sem7	S034
7	65.1	65	S035 Mathematics Sem7	S035
7	76.1	76	S036 Mathematics Sem7	S036
7	75.9	76	S037 Mathematics Sem7	S037
7	64.1	64	S038 Mathematics Sem7	S038
7	56.2	56	S039 Mathematics Sem7	S039
7	70	70	S040 Mathematics Sem7	S040
7	54.4	54	S041 Mathematics Sem7	S041
7	67.7	68	S042 Mathematics Sem7	S042
7	76.6	77	S043 Mathematics Sem7	S043
7	88	88	S044 Mathematics Sem7	S044
7	49.9	50	S045 Mathematics Sem7	S045
7	70.5	70	S046 Mathematics Sem7	S046
7	57.6	58	S047 Mathematics Sem7	S047
7	73.4	73	S048 Mathematics Sem7	S048
7	79.9	80	S049 Mathematics Sem7	S049
7	91	91	S050 Mathematics Sem7	S050
7	84.9	85	S001 Physics Sem7	S001
7	83.4	83	S002 Physics Sem7	S002
7	69.8	70	S003 Physics Sem7	S003
7	74	74	S004 Physics Sem7	S004
7	81.7	82	S005 Physics Sem7	S005
7	82.4	82	S006 Physics Sem7	S006
7	73.6	74	S007 Physics Sem7	S007
7	70.9	71	S008 Physics Sem7	S008
7	61.8	62	S009 Physics Sem7	S009
7	57.3	57	S010 Physics Sem7	S010
7	56.1	56	S011 Physics Sem7	S011
7	71.1	71	S012 Physics Sem7	S012
7	91.4	91	S013 Physics Sem7	S013
7	81.2	81	S014 Physics Sem7	S014
7	35.3	35	S015 Physics Sem7	S015
7	68.7	69	S016 Physics Sem7	S016
7	56.3	56	S017 Physics Sem7	S017
7	68.2	68	S018 Physics Sem7	S018
7	53.9	54	S019 Physics Sem7	S019
7	56.9	57	S020 Physics Sem7	S020
7	85.9	86	S021 Physics Sem7	S021
7	70.2	70	S022 Physics Sem7	S022
7	80.7	81	S023 Physics Sem7	S023
7	62.7	63	S024 Physics Sem7	S024
7	69.2	69	S025 Physics Sem7	S025
7	60.3	60	S026 Physics Sem7	S026
7	72.1	72	S027 Physics Sem7	S027
7	76.2	76	S028 Physics Sem7	S028
7	56.8	57	S029 Physics Sem7	S029
7	62.7	63	S030 Physics Sem7	S030
7	57.6	58	S031 Physics Sem7	S031
7	70	70	S032 Physics Sem7	S032
7	65.6	66	S033 Physics Sem7	S033
7	82.2	82	S034 Physics Sem7	S034
7	61.8	62	S035 Physics Sem7	S035
7	75.5	76	S036 Physics Sem7	S036
7	74.7	75	S037 Physics Sem7	S037
7	74	74	S038 Physics Sem7	S038
7	67	67	S039 Physics Sem7	S039
7	84.8	85	S040 Physics Sem7	S040
7	61.2	61	S041 Physics Sem7	S041
7	65.2	65	S042 Physics Sem7	S042
7	71.1	71	S043 Physics Sem7	S043
7	91.5	92	S044 Physics Sem7	S044
7	48.1	48	S045 Physics Sem7	S045
7	81.5	82	S046 Physics Sem7	S046
7	75.6	76	S047 Physics Sem7	S047
7	83.1	83	S048 Physics Sem7	S048
7	69.5	70	S049 Physics Sem7	S049
7	96.1	96	S050 Physics Sem7	S050
7	86.3	86	S001 Chemistry Sem7	S001
7	73.8	74	S002 Chemistry Sem7	S002
7	72.8	73	S003 Chemistry Sem7	S003
7	67.5	68	S004 Chemistry Sem7	S004
7	85.4	85	S005 Chemistry Sem7	S005
7	79.1	79	S006 Chemistry Sem7	S006
7	64.7	65	S007 Chemistry Sem7	S007
7	69.2	69	S008 Chemistry Sem7	S008
7	65.2	65	S009 Chemistry Sem7	S009
7	51.4	51	S010 Chemistry Sem7	S010
7	54.5	54	S011 Chemistry Sem7	S011
7	78.6	79	S012 Chemistry Sem7	S012
7	81.3	81	S013 Chemistry Sem7	S013
7	69.1	69	S014 Chemistry Sem7	S014
7	33.5	34	S015 Chemistry Sem7	S015
7	67.9	68	S016 Chemistry Sem7	S016
7	68	68	S017 Chemistry Sem7	S017
7	78.1	78	S018 Chemistry Sem7	S018
7	52	52	S019 Chemistry Sem7	S019
7	52.6	53	S020 Chemistry Sem7	S020
7	85.2	85	S021 Chemistry Sem7	S021
7	73.3	73	S022 Chemistry Sem7	S022
7	81.8	82	S023 Chemistry Sem7	S023
7	70	70	S024 Chemistry Sem7	S024
7	76.7	77	S025 Chemistry Sem7	S025
7	54.8	55	S026 Chemistry Sem7	S026
7	76.9	77	S027 Chemistry Sem7	S027
7	77.1	77	S028 Chemistry Sem7	S028
7	56.6	57	S029 Chemistry Sem7	S029
7	75.1	75	S030 Chemistry Sem7	S030
7	59.7	60	S031 Chemistry Sem7	S031
7	68.4	68	S032 Chemistry Sem7	S032
7	62.5	62	S033 Chemistry Sem7	S033
7	81.1	81	S034 Chemistry Sem7	S034
7	72.6	73	S035 Chemistry Sem7	S035
7	81.1	81	S036 Chemistry Sem7	S036
7	71.1	71	S037 Chemistry Sem7	S037
7	76.1	76	S038 Chemistry Sem7	S038
7	61.9	62	S039 Chemistry Sem7	S039
7	67.7	68	S040 Chemistry Sem7	S040
7	54.6	55	S041 Chemistry Sem7	S041
7	66.7	67	S042 Chemistry Sem7	S042
7	78.1	78	S043 Chemistry Sem7	S043
7	93.8	94	S044 Chemistry Sem7	S044
7	61.8	62	S045 Chemistry Sem7	S045
7	70.7	71	S046 Chemistry Sem7	S046
7	76.1	76	S047 Chemistry Sem7	S047
7	84.6	85	S048 Chemistry Sem7	S048
7	80.4	80	S049 Chemistry Sem7	S049
7	87.8	88	S050 Chemistry Sem7	S050
7	88.9	89	S001 Biology Sem7	S001
7	72.3	72	S002 Biology Sem7	S002
7	70	70	S003 Biology Sem7	S003
7	60	60	S004 Biology Sem7	S004
7	83.7	84	S005 Biology Sem7	S005
7	76.8	77	S006 Biology Sem7	S006
7	84.2	84	S007 Biology Sem7	S007
7	78.3	78	S008 Biology Sem7	S008
7	55.3	55	S009 Biology Sem7	S009
7	58	58	S010 Biology Sem7	S010
7	50.8	51	S011 Biology Sem7	S011
7	75.2	75	S012 Biology Sem7	S012
7	89.1	89	S013 Biology Sem7	S013
7	82.6	83	S014 Biology Sem7	S014
7	39.8	40	S015 Biology Sem7	S015
7	71.7	72	S016 Biology Sem7	S016
7	62.5	62	S017 Biology Sem7	S017
7	78.9	79	S018 Biology Sem7	S018
7	55.4	55	S019 Biology Sem7	S019
7	53.8	54	S020 Biology Sem7	S020
7	84.9	85	S021 Biology Sem7	S021
7	85.4	85	S022 Biology Sem7	S022
7	77.6	78	S023 Biology Sem7	S023
7	75	75	S024 Biology Sem7	S024
7	79.2	79	S025 Biology Sem7	S025
7	55.3	55	S026 Biology Sem7	S026
7	70.6	71	S027 Biology Sem7	S027
7	85.7	86	S028 Biology Sem7	S028
7	53.4	53	S029 Biology Sem7	S029
7	76.9	77	S030 Biology Sem7	S030
7	60.1	60	S031 Biology Sem7	S031
7	63.4	63	S032 Biology Sem7	S032
7	68.1	68	S033 Biology Sem7	S033
7	96.5	96	S034 Biology Sem7	S034
7	63.8	64	S035 Biology Sem7	S035
7	85.4	85	S036 Biology Sem7	S036
7	81.6	82	S037 Biology Sem7	S037
7	72.4	72	S038 Biology Sem7	S038
7	69.5	70	S039 Biology Sem7	S039
7	83.1	83	S040 Biology Sem7	S040
7	67.5	68	S041 Biology Sem7	S041
7	77.7	78	S042 Biology Sem7	S042
7	73.6	74	S043 Biology Sem7	S043
7	89.5	90	S044 Biology Sem7	S044
7	66.1	66	S045 Biology Sem7	S045
7	69.8	70	S046 Biology Sem7	S046
7	76.2	76	S047 Biology Sem7	S047
7	91	91	S048 Biology Sem7	S048
7	77.8	78	S049 Biology Sem7	S049
7	94.2	94	S050 Biology Sem7	S050
7	98.6	99	S001 English Sem7	S001
7	91.5	92	S002 English Sem7	S002
7	70.7	71	S003 English Sem7	S003
7	72.8	73	S004 English Sem7	S004
7	92.6	93	S005 English Sem7	S005
7	92.1	92	S006 English Sem7	S006
7	77.8	78	S007 English Sem7	S007
7	73.6	74	S008 English Sem7	S008
7	65.3	65	S009 English Sem7	S009
7	63.1	63	S010 English Sem7	S010
7	62.7	63	S011 English Sem7	S011
7	84	84	S012 English Sem7	S012
7	87.2	87	S013 English Sem7	S013
7	84.6	85	S014 English Sem7	S014
7	36.5	36	S015 English Sem7	S015
7	74.6	75	S016 English Sem7	S016
7	64.4	64	S017 English Sem7	S017
7	78.7	79	S018 English Sem7	S018
7	53.4	53	S019 English Sem7	S019
7	52.5	52	S020 English Sem7	S020
7	82.4	82	S021 English Sem7	S021
7	75.3	75	S022 English Sem7	S022
7	80.2	80	S023 English Sem7	S023
7	83.4	83	S024 English Sem7	S024
7	88.7	89	S025 English Sem7	S025
7	59.8	60	S026 English Sem7	S026
7	73.8	74	S027 English Sem7	S027
7	87.4	87	S028 English Sem7	S028
7	56.9	57	S029 English Sem7	S029
7	73.1	73	S030 English Sem7	S030
7	56.2	56	S031 English Sem7	S031
7	64.1	64	S032 English Sem7	S032
7	70.2	70	S033 English Sem7	S033
7	93.6	94	S034 English Sem7	S034
7	68.4	68	S035 English Sem7	S035
7	86.7	87	S036 English Sem7	S036
7	78.1	78	S037 English Sem7	S037
7	73.5	74	S038 English Sem7	S038
7	71.2	71	S039 English Sem7	S039
7	81.5	82	S040 English Sem7	S040
7	65.3	65	S041 English Sem7	S041
7	76.7	77	S042 English Sem7	S042
7	69.9	70	S043 English Sem7	S043
7	93.6	94	S044 English Sem7	S044
7	68.2	68	S045 English Sem7	S045
7	76.9	77	S046 English Sem7	S046
7	76.4	76	S047 English Sem7	S047
7	90.1	90	S048 English Sem7	S048
7	76.5	76	S049 English Sem7	S049
7	94	94	S050 English Sem7	S050
7	86.6	87	S001 History Sem7	S001
7	73.8	74	S002 History Sem7	S002
7	81.9	82	S003 History Sem7	S003
7	80.2	80	S004 History Sem7	S004
7	83.3	83	S005 History Sem7	S005
7	88.4	88	S006 History Sem7	S006
7	83.6	84	S007 History Sem7	S007
7	85.5	86	S008 History Sem7	S008
7	59.4	59	S009 History Sem7	S009
7	64.6	65	S010 History Sem7	S010
7	57.8	58	S011 History Sem7	S011
7	84.5	84	S012 History Sem7	S012
7	89.9	90	S013 History Sem7	S013
7	80.8	81	S014 History Sem7	S014
7	40	40	S015 History Sem7	S015
7	79.7	80	S016 History Sem7	S016
7	72.2	72	S017 History Sem7	S017
7	81.1	81	S018 History Sem7	S018
7	61.1	61	S019 History Sem7	S019
7	56.5	56	S020 History Sem7	S020
7	92.4	92	S021 History Sem7	S021
7	80.7	81	S022 History Sem7	S022
7	90.1	90	S023 History Sem7	S023
7	79.8	80	S024 History Sem7	S024
7	87.5	88	S025 History Sem7	S025
7	60.8	61	S026 History Sem7	S026
7	76.9	77	S027 History Sem7	S027
7	83.1	83	S028 History Sem7	S028
7	69.5	70	S029 History Sem7	S029
7	72.1	72	S030 History Sem7	S030
7	69.2	69	S031 History Sem7	S031
7	75.7	76	S032 History Sem7	S032
7	76.1	76	S033 History Sem7	S033
7	90.2	90	S034 History Sem7	S034
7	75.8	76	S035 History Sem7	S035
7	79.2	79	S036 History Sem7	S036
7	81.1	81	S037 History Sem7	S037
7	69.7	70	S038 History Sem7	S038
7	73.9	74	S039 History Sem7	S039
7	86.3	86	S040 History Sem7	S040
7	58.6	59	S041 History Sem7	S041
7	86.1	86	S042 History Sem7	S042
7	89.2	89	S043 History Sem7	S043
7	98.1	98	S044 History Sem7	S044
7	69.6	70	S045 History Sem7	S045
7	72.3	72	S046 History Sem7	S046
7	83.1	83	S047 History Sem7	S047
7	76.8	77	S048 History Sem7	S048
7	81.5	82	S049 History Sem7	S049
7	86.6	87	S050 History Sem7	S050
8	79.6	80	S001 Mathematics Sem8	S001
8	71	71	S002 Mathematics Sem8	S002
8	71.8	72	S003 Mathematics Sem8	S003
8	65.3	65	S004 Mathematics Sem8	S004
8	77.8	78	S005 Mathematics Sem8	S005
8	85.3	85	S006 Mathematics Sem8	S006
8	74.2	74	S007 Mathematics Sem8	S007
8	72.8	73	S008 Mathematics Sem8	S008
8	63	63	S009 Mathematics Sem8	S009
8	61.6	62	S010 Mathematics Sem8	S010
8	52	52	S011 Mathematics Sem8	S011
8	78	78	S012 Mathematics Sem8	S012
8	72.7	73	S013 Mathematics Sem8	S013
8	73.5	74	S014 Mathematics Sem8	S014
8	34.5	34	S015 Mathematics Sem8	S015
8	77	77	S016 Mathematics Sem8	S016
8	66	66	S017 Mathematics Sem8	S017
8	79.3	79	S018 Mathematics Sem8	S018
8	53.3	53	S019 Mathematics Sem8	S019
8	58	58	S020 Mathematics Sem8	S020
8	78.6	79	S021 Mathematics Sem8	S021
8	62.9	63	S022 Mathematics Sem8	S022
8	78.5	78	S023 Mathematics Sem8	S023
8	71.6	72	S024 Mathematics Sem8	S024
8	75.5	76	S025 Mathematics Sem8	S025
8	60.6	61	S026 Mathematics Sem8	S026
8	77.6	78	S027 Mathematics Sem8	S027
8	82.3	82	S028 Mathematics Sem8	S028
8	47.2	47	S029 Mathematics Sem8	S029
8	67.5	68	S030 Mathematics Sem8	S030
8	56.1	56	S031 Mathematics Sem8	S031
8	65.1	65	S032 Mathematics Sem8	S032
8	67.2	67	S033 Mathematics Sem8	S033
8	87.8	88	S034 Mathematics Sem8	S034
8	62.8	63	S035 Mathematics Sem8	S035
8	76	76	S036 Mathematics Sem8	S036
8	66.5	66	S037 Mathematics Sem8	S037
8	66.9	67	S038 Mathematics Sem8	S038
8	60.3	60	S039 Mathematics Sem8	S039
8	77.3	77	S040 Mathematics Sem8	S040
8	66.3	66	S041 Mathematics Sem8	S041
8	67.5	68	S042 Mathematics Sem8	S042
8	74.4	74	S043 Mathematics Sem8	S043
8	88.8	89	S044 Mathematics Sem8	S044
8	60.6	61	S045 Mathematics Sem8	S045
8	74	74	S046 Mathematics Sem8	S046
8	66.7	67	S047 Mathematics Sem8	S047
8	73.6	74	S048 Mathematics Sem8	S048
8	82.1	82	S049 Mathematics Sem8	S049
8	91.1	91	S050 Mathematics Sem8	S050
8	83.9	84	S001 Physics Sem8	S001
8	74.7	75	S002 Physics Sem8	S002
8	66.6	67	S003 Physics Sem8	S003
8	62.4	62	S004 Physics Sem8	S004
8	85.1	85	S005 Physics Sem8	S005
8	87.7	88	S006 Physics Sem8	S006
8	88.1	88	S007 Physics Sem8	S007
8	78	78	S008 Physics Sem8	S008
8	55.4	55	S009 Physics Sem8	S009
8	61.9	62	S010 Physics Sem8	S010
8	60.2	60	S011 Physics Sem8	S011
8	79.4	79	S012 Physics Sem8	S012
8	83.2	83	S013 Physics Sem8	S013
8	73.6	74	S014 Physics Sem8	S014
8	41.7	42	S015 Physics Sem8	S015
8	69.7	70	S016 Physics Sem8	S016
8	58.6	59	S017 Physics Sem8	S017
8	73	73	S018 Physics Sem8	S018
8	60.5	60	S019 Physics Sem8	S019
8	56.9	57	S020 Physics Sem8	S020
8	89.8	90	S021 Physics Sem8	S021
8	69.9	70	S022 Physics Sem8	S022
8	87	87	S023 Physics Sem8	S023
8	79.7	80	S024 Physics Sem8	S024
8	76	76	S025 Physics Sem8	S025
8	61.1	61	S026 Physics Sem8	S026
8	68.5	68	S027 Physics Sem8	S027
8	80.6	81	S028 Physics Sem8	S028
8	57.6	58	S029 Physics Sem8	S029
8	73.4	73	S030 Physics Sem8	S030
8	58.7	59	S031 Physics Sem8	S031
8	69.8	70	S032 Physics Sem8	S032
8	69.4	69	S033 Physics Sem8	S033
8	80.8	81	S034 Physics Sem8	S034
8	65.4	65	S035 Physics Sem8	S035
8	77.5	78	S036 Physics Sem8	S036
8	68.6	69	S037 Physics Sem8	S037
8	65.5	66	S038 Physics Sem8	S038
8	79.8	80	S039 Physics Sem8	S039
8	78.5	78	S040 Physics Sem8	S040
8	61.5	62	S041 Physics Sem8	S041
8	79.4	79	S042 Physics Sem8	S042
8	73.5	74	S043 Physics Sem8	S043
8	93.3	93	S044 Physics Sem8	S044
8	67.9	68	S045 Physics Sem8	S045
8	79.5	80	S046 Physics Sem8	S046
8	78.9	79	S047 Physics Sem8	S047
8	81	81	S048 Physics Sem8	S048
8	75.2	75	S049 Physics Sem8	S049
8	89.1	89	S050 Physics Sem8	S050
8	87.1	87	S001 Chemistry Sem8	S001
8	87	87	S002 Chemistry Sem8	S002
8	73.6	74	S003 Chemistry Sem8	S003
8	77.2	77	S004 Chemistry Sem8	S004
8	80.9	81	S005 Chemistry Sem8	S005
8	86.3	86	S006 Chemistry Sem8	S006
8	75.8	76	S007 Chemistry Sem8	S007
8	77.2	77	S008 Chemistry Sem8	S008
8	58.2	58	S009 Chemistry Sem8	S009
8	62.7	63	S010 Chemistry Sem8	S010
8	59.5	60	S011 Chemistry Sem8	S011
8	82.3	82	S012 Chemistry Sem8	S012
8	82.4	82	S013 Chemistry Sem8	S013
8	73.8	74	S014 Chemistry Sem8	S014
8	31.7	32	S015 Chemistry Sem8	S015
8	69.3	69	S016 Chemistry Sem8	S016
8	68	68	S017 Chemistry Sem8	S017
8	81.1	81	S018 Chemistry Sem8	S018
8	57.3	57	S019 Chemistry Sem8	S019
8	53.5	54	S020 Chemistry Sem8	S020
8	84.5	84	S021 Chemistry Sem8	S021
8	72.6	73	S022 Chemistry Sem8	S022
8	77.6	78	S023 Chemistry Sem8	S023
8	68.9	69	S024 Chemistry Sem8	S024
8	77.1	77	S025 Chemistry Sem8	S025
8	59.7	60	S026 Chemistry Sem8	S026
8	76	76	S027 Chemistry Sem8	S027
8	77.6	78	S028 Chemistry Sem8	S028
8	56.9	57	S029 Chemistry Sem8	S029
8	69.4	69	S030 Chemistry Sem8	S030
8	58.8	59	S031 Chemistry Sem8	S031
8	75.1	75	S032 Chemistry Sem8	S032
8	71.7	72	S033 Chemistry Sem8	S033
8	86.4	86	S034 Chemistry Sem8	S034
8	68.4	68	S035 Chemistry Sem8	S035
8	87.2	87	S036 Chemistry Sem8	S036
8	74.3	74	S037 Chemistry Sem8	S037
8	69.7	70	S038 Chemistry Sem8	S038
8	75.6	76	S039 Chemistry Sem8	S039
8	80.3	80	S040 Chemistry Sem8	S040
8	64.1	64	S041 Chemistry Sem8	S041
8	72.5	72	S042 Chemistry Sem8	S042
8	77.1	77	S043 Chemistry Sem8	S043
8	90.7	91	S044 Chemistry Sem8	S044
8	62.6	63	S045 Chemistry Sem8	S045
8	77.9	78	S046 Chemistry Sem8	S046
8	71	71	S047 Chemistry Sem8	S047
8	74.3	74	S048 Chemistry Sem8	S048
8	81.5	82	S049 Chemistry Sem8	S049
8	95.5	96	S050 Chemistry Sem8	S050
8	88.2	88	S001 Biology Sem8	S001
8	84.1	84	S002 Biology Sem8	S002
8	68.3	68	S003 Biology Sem8	S003
8	75.9	76	S004 Biology Sem8	S004
8	88.3	88	S005 Biology Sem8	S005
8	92	92	S006 Biology Sem8	S006
8	84.8	85	S007 Biology Sem8	S007
8	78.4	78	S008 Biology Sem8	S008
8	64.8	65	S009 Biology Sem8	S009
8	58.5	58	S010 Biology Sem8	S010
8	66.6	67	S011 Biology Sem8	S011
8	74.3	74	S012 Biology Sem8	S012
8	89.7	90	S013 Biology Sem8	S013
8	75.4	75	S014 Biology Sem8	S014
8	38.8	39	S015 Biology Sem8	S015
8	65.9	66	S016 Biology Sem8	S016
8	67.5	68	S017 Biology Sem8	S017
8	81.3	81	S018 Biology Sem8	S018
8	67.7	68	S019 Biology Sem8	S019
8	54.6	55	S020 Biology Sem8	S020
8	88.7	89	S021 Biology Sem8	S021
8	80.7	81	S022 Biology Sem8	S022
8	79.5	80	S023 Biology Sem8	S023
8	71.2	71	S024 Biology Sem8	S024
8	75.2	75	S025 Biology Sem8	S025
8	58.1	58	S026 Biology Sem8	S026
8	77.7	78	S027 Biology Sem8	S027
8	80.5	80	S028 Biology Sem8	S028
8	53.2	53	S029 Biology Sem8	S029
8	82.7	83	S030 Biology Sem8	S030
8	57.6	58	S031 Biology Sem8	S031
8	60.8	61	S032 Biology Sem8	S032
8	75	75	S033 Biology Sem8	S033
8	86.6	87	S034 Biology Sem8	S034
8	68.1	68	S035 Biology Sem8	S035
8	76.5	76	S036 Biology Sem8	S036
8	81.5	82	S037 Biology Sem8	S037
8	71.6	72	S038 Biology Sem8	S038
8	76.4	76	S039 Biology Sem8	S039
8	82.2	82	S040 Biology Sem8	S040
8	72	72	S041 Biology Sem8	S041
8	86.9	87	S042 Biology Sem8	S042
8	89	89	S043 Biology Sem8	S043
8	93.3	93	S044 Biology Sem8	S044
8	53.8	54	S045 Biology Sem8	S045
8	74	74	S046 Biology Sem8	S046
8	91.4	91	S047 Biology Sem8	S047
8	83	83	S048 Biology Sem8	S048
8	87.4	87	S049 Biology Sem8	S049
8	86.9	87	S050 Biology Sem8	S050
8	81.4	81	S001 English Sem8	S001
8	83.8	84	S002 English Sem8	S002
8	73.4	73	S003 English Sem8	S003
8	75.6	76	S004 English Sem8	S004
8	82.9	83	S005 English Sem8	S005
8	92	92	S006 English Sem8	S006
8	85.9	86	S007 English Sem8	S007
8	85.5	86	S008 English Sem8	S008
8	59.4	59	S009 English Sem8	S009
8	59.9	60	S010 English Sem8	S010
8	62	62	S011 English Sem8	S011
8	80.3	80	S012 English Sem8	S012
8	89.8	90	S013 English Sem8	S013
8	80	80	S014 English Sem8	S014
8	43.2	43	S015 English Sem8	S015
8	87.2	87	S016 English Sem8	S016
8	58.2	58	S017 English Sem8	S017
8	76.3	76	S018 English Sem8	S018
8	62.9	63	S019 English Sem8	S019
8	53	53	S020 English Sem8	S020
8	91.7	92	S021 English Sem8	S021
8	85.6	86	S022 English Sem8	S022
8	89.1	89	S023 English Sem8	S023
8	83.4	83	S024 English Sem8	S024
8	83.8	84	S025 English Sem8	S025
8	58.6	59	S026 English Sem8	S026
8	65.7	66	S027 English Sem8	S027
8	89.7	90	S028 English Sem8	S028
8	58.6	59	S029 English Sem8	S029
8	83.4	83	S030 English Sem8	S030
8	61.8	62	S031 English Sem8	S031
8	84.6	85	S032 English Sem8	S032
8	78.4	78	S033 English Sem8	S033
8	75	75	S034 English Sem8	S034
8	75.7	76	S035 English Sem8	S035
8	74.9	75	S036 English Sem8	S036
8	83.4	83	S037 English Sem8	S037
8	74.1	74	S038 English Sem8	S038
8	68	68	S039 English Sem8	S039
8	77.1	77	S040 English Sem8	S040
8	70.5	70	S041 English Sem8	S041
8	79	79	S042 English Sem8	S042
8	87.1	87	S043 English Sem8	S043
8	93.7	94	S044 English Sem8	S044
8	62.6	63	S045 English Sem8	S045
8	85.3	85	S046 English Sem8	S046
8	80	80	S047 English Sem8	S047
8	84.8	85	S048 English Sem8	S048
8	89.4	89	S049 English Sem8	S049
8	94.6	95	S050 English Sem8	S050
8	87.5	88	S001 History Sem8	S001
8	86.4	86	S002 History Sem8	S002
8	72.8	73	S003 History Sem8	S003
8	75.9	76	S004 History Sem8	S004
8	86.3	86	S005 History Sem8	S005
8	97.5	98	S006 History Sem8	S006
8	85.5	86	S007 History Sem8	S007
8	77.9	78	S008 History Sem8	S008
8	64.2	64	S009 History Sem8	S009
8	74.6	75	S010 History Sem8	S010
8	64.7	65	S011 History Sem8	S011
8	85.2	85	S012 History Sem8	S012
8	93.2	93	S013 History Sem8	S013
8	84.9	85	S014 History Sem8	S014
8	50.1	50	S015 History Sem8	S015
8	80.4	80	S016 History Sem8	S016
8	74.5	74	S017 History Sem8	S017
8	79.6	80	S018 History Sem8	S018
8	64.4	64	S019 History Sem8	S019
8	55	55	S020 History Sem8	S020
8	86.7	87	S021 History Sem8	S021
8	83.6	84	S022 History Sem8	S022
8	87.9	88	S023 History Sem8	S023
8	76.2	76	S024 History Sem8	S024
8	84.1	84	S025 History Sem8	S025
8	63.8	64	S026 History Sem8	S026
8	77.5	78	S027 History Sem8	S027
8	88.5	88	S028 History Sem8	S028
8	62.5	62	S029 History Sem8	S029
8	78.3	78	S030 History Sem8	S030
8	61.3	61	S031 History Sem8	S031
8	77.8	78	S032 History Sem8	S032
8	79	79	S033 History Sem8	S033
8	93.1	93	S034 History Sem8	S034
8	67.8	68	S035 History Sem8	S035
8	85.2	85	S036 History Sem8	S036
8	87.8	88	S037 History Sem8	S037
8	85.1	85	S038 History Sem8	S038
8	62.2	62	S039 History Sem8	S039
8	75.7	76	S040 History Sem8	S040
8	68.4	68	S041 History Sem8	S041
8	87.6	88	S042 History Sem8	S042
8	87.5	88	S043 History Sem8	S043
8	97.2	97	S044 History Sem8	S044
8	60.6	61	S045 History Sem8	S045
8	73.1	73	S046 History Sem8	S046
8	71.1	71	S047 History Sem8	S047
8	82.8	83	S048 History Sem8	S048
8	86.6	87	S049 History Sem8	S049
8	100	100	S050 History Sem8	S050
