colour	x	y	showSelected1	fill
#619CFF	12	64	Mathematics	#619CFF
#619CFF	13	57.9	Mathematics	#619CFF
#619CFF	7	52.7	Mathematics	#619CFF
#619CFF	2	49.7	Mathematics	#619CFF
#619CFF	10	65.2	Mathematics	#619CFF
#619CFF	8	62.8	Mathematics	#619CFF
#619CFF	11	66.8	Mathematics	#619CFF
#619CFF	12	54.5	Mathematics	#619CFF
#619CFF	8	49.8	Mathematics	#619CFF
#619CFF	4	45.6	Mathematics	#619CFF
#619CFF	6	48.2	Mathematics	#619CFF
#619CFF	14	66	Mathematics	#619CFF
#619CFF	9	68	Mathematics	#619CFF
#619CFF	12	60.8	Mathematics	#619CFF
#619CFF	2	32.5	Mathematics	#619CFF
#619CFF	11	54.9	Mathematics	#619CFF
#619CFF	7	37.7	Mathematics	#619CFF
#619CFF	11	65.1	Mathematics	#619CFF
#619CFF	6	43.4	Mathematics	#619CFF
#619CFF	2	31.7	Mathematics	#619CFF
#619CFF	13	74.1	Mathematics	#619CFF
#619CFF	6	54.1	Mathematics	#619CFF
#619CFF	11	68.9	Mathematics	#619CFF
#619CFF	11	55.2	Mathematics	#619CFF
#619CFF	11	62	Mathematics	#619CFF
#619CFF	7	40	Mathematics	#619CFF
#619CFF	10	62.9	Mathematics	#619CFF
#619CFF	12	67.3	Mathematics	#619CFF
#619CFF	3	31.2	Mathematics	#619CFF
#619CFF	9	56	Mathematics	#619CFF
#619CFF	5	36.4	Mathematics	#619CFF
#619CFF	12	58.7	Mathematics	#619CFF
#619CFF	9	56.3	Mathematics	#619CFF
#619CFF	9	60.3	Mathematics	#619CFF
#619CFF	11	52.8	Mathematics	#619CFF
#619CFF	14	66.4	Mathematics	#619CFF
#619CFF	8	59.5	Mathematics	#619CFF
#619CFF	9	50.8	Mathematics	#619CFF
#619CFF	6	50	Mathematics	#619CFF
#619CFF	10	65.4	Mathematics	#619CFF
#619CFF	10	42.1	Mathematics	#619CFF
#619CFF	11	54.3	Mathematics	#619CFF
#619CFF	6	58.4	Mathematics	#619CFF
#619CFF	11	80.2	Mathematics	#619CFF
#619CFF	8	47.8	Mathematics	#619CFF
#619CFF	8	48	Mathematics	#619CFF
#619CFF	9	54.5	Mathematics	#619CFF
#619CFF	10	57.8	Mathematics	#619CFF
#619CFF	9	63.2	Mathematics	#619CFF
#619CFF	21	82.2	Mathematics	#619CFF
#F564E3	16	79.9	Physics	#F564E3
#F564E3	7	65.9	Physics	#F564E3
#F564E3	14	63.1	Physics	#F564E3
#F564E3	7	57.5	Physics	#F564E3
#F564E3	10	64.3	Physics	#F564E3
#F564E3	15	73.8	Physics	#F564E3
#F564E3	9	63.3	Physics	#F564E3
#F564E3	15	63.5	Physics	#F564E3
#F564E3	5	43.9	Physics	#F564E3
#F564E3	2	42.1	Physics	#F564E3
#F564E3	7	35.8	Physics	#F564E3
#F564E3	10	69.3	Physics	#F564E3
#F564E3	17	63.8	Physics	#F564E3
#F564E3	11	61.8	Physics	#F564E3
#F564E3	6	37.2	Physics	#F564E3
#F564E3	4	48.4	Physics	#F564E3
#F564E3	5	59.2	Physics	#F564E3
#F564E3	16	66.2	Physics	#F564E3
#F564E3	3	41.6	Physics	#F564E3
#F564E3	3	43.4	Physics	#F564E3
#F564E3	17	69.1	Physics	#F564E3
#F564E3	11	60.5	Physics	#F564E3
#F564E3	11	62.9	Physics	#F564E3
#F564E3	4	55.9	Physics	#F564E3
#F564E3	12	59.4	Physics	#F564E3
#F564E3	9	43.7	Physics	#F564E3
#F564E3	8	52.5	Physics	#F564E3
#F564E3	10	60.4	Physics	#F564E3
#F564E3	4	35.6	Physics	#F564E3
#F564E3	8	60.5	Physics	#F564E3
#F564E3	6	39.8	Physics	#F564E3
#F564E3	8	56.4	Physics	#F564E3
#F564E3	2	50.7	Physics	#F564E3
#F564E3	9	71.2	Physics	#F564E3
#F564E3	6	62.5	Physics	#F564E3
#F564E3	15	58.7	Physics	#F564E3
#F564E3	7	56.4	Physics	#F564E3
#F564E3	4	56.7	Physics	#F564E3
#F564E3	7	54.9	Physics	#F564E3
#F564E3	13	61.8	Physics	#F564E3
#F564E3	8	53	Physics	#F564E3
#F564E3	10	52.7	Physics	#F564E3
#F564E3	11	60	Physics	#F564E3
#F564E3	24	87.4	Physics	#F564E3
#F564E3	9	51.4	Physics	#F564E3
#F564E3	11	64	Physics	#F564E3
#F564E3	12	71	Physics	#F564E3
#F564E3	14	66.4	Physics	#F564E3
#F564E3	12	69.8	Physics	#F564E3
#F564E3	18	83.7	Physics	#F564E3
#B79F00	13	64.1	Chemistry	#B79F00
#B79F00	13	64.5	Chemistry	#B79F00
#B79F00	11	70.9	Chemistry	#B79F00
#B79F00	13	64.1	Chemistry	#B79F00
#B79F00	16	67.7	Chemistry	#B79F00
#B79F00	9	58.2	Chemistry	#B79F00
#B79F00	14	67	Chemistry	#B79F00
#B79F00	11	57.2	Chemistry	#B79F00
#B79F00	3	44.2	Chemistry	#B79F00
#B79F00	9	50.2	Chemistry	#B79F00
#B79F00	6	52	Chemistry	#B79F00
#B79F00	11	64.7	Chemistry	#B79F00
#B79F00	10	68.3	Chemistry	#B79F00
#B79F00	14	70.7	Chemistry	#B79F00
#B79F00	3	37.3	Chemistry	#B79F00
#B79F00	8	55.4	Chemistry	#B79F00
#B79F00	3	51.4	Chemistry	#B79F00
#B79F00	4	55.9	Chemistry	#B79F00
#B79F00	8	50.1	Chemistry	#B79F00
#B79F00	10	50.9	Chemistry	#B79F00
#B79F00	15	69.6	Chemistry	#B79F00
#B79F00	12	67.8	Chemistry	#B79F00
#B79F00	12	68	Chemistry	#B79F00
#B79F00	12	58.9	Chemistry	#B79F00
#B79F00	9	66	Chemistry	#B79F00
#B79F00	11	50.3	Chemistry	#B79F00
#B79F00	7	65	Chemistry	#B79F00
#B79F00	10	67.7	Chemistry	#B79F00
#B79F00	2	43	Chemistry	#B79F00
#B79F00	6	57	Chemistry	#B79F00
#B79F00	3	49.1	Chemistry	#B79F00
#B79F00	9	58	Chemistry	#B79F00
#B79F00	13	58.3	Chemistry	#B79F00
#B79F00	12	68.7	Chemistry	#B79F00
#B79F00	5	53.1	Chemistry	#B79F00
#B79F00	9	67.7	Chemistry	#B79F00
#B79F00	13	68.4	Chemistry	#B79F00
#B79F00	6	53.3	Chemistry	#B79F00
#B79F00	3	50.9	Chemistry	#B79F00
#B79F00	17	66.7	Chemistry	#B79F00
#B79F00	5	48.3	Chemistry	#B79F00
#B79F00	15	54.7	Chemistry	#B79F00
#B79F00	20	67.7	Chemistry	#B79F00
#B79F00	15	85.1	Chemistry	#B79F00
#B79F00	9	54.5	Chemistry	#B79F00
#B79F00	12	64.2	Chemistry	#B79F00
#B79F00	19	69.6	Chemistry	#B79F00
#B79F00	14	69.1	Chemistry	#B79F00
#B79F00	14	77.9	Chemistry	#B79F00
#B79F00	11	70.3	Chemistry	#B79F00
#F8766D	13	71.8	Biology	#F8766D
#F8766D	12	69.1	Biology	#F8766D
#F8766D	10	57	Biology	#F8766D
#F8766D	10	60.9	Biology	#F8766D
#F8766D	20	78.7	Biology	#F8766D
#F8766D	18	69.9	Biology	#F8766D
#F8766D	10	63.6	Biology	#F8766D
#F8766D	6	61.5	Biology	#F8766D
#F8766D	12	54.2	Biology	#F8766D
#F8766D	10	52.9	Biology	#F8766D
#F8766D	2	41.8	Biology	#F8766D
#F8766D	11	69.5	Biology	#F8766D
#F8766D	12	67.5	Biology	#F8766D
#F8766D	7	51.2	Biology	#F8766D
#F8766D	4	32.5	Biology	#F8766D
#F8766D	14	62.5	Biology	#F8766D
#F8766D	2	56.2	Biology	#F8766D
#F8766D	15	69.2	Biology	#F8766D
#F8766D	3	43	Biology	#F8766D
#F8766D	8	47.3	Biology	#F8766D
#F8766D	13	70.1	Biology	#F8766D
#F8766D	16	72.6	Biology	#F8766D
#F8766D	16	73.1	Biology	#F8766D
#F8766D	10	59.5	Biology	#F8766D
#F8766D	10	66.1	Biology	#F8766D
#F8766D	7	47.8	Biology	#F8766D
#F8766D	7	60.4	Biology	#F8766D
#F8766D	11	71.1	Biology	#F8766D
#F8766D	2	40.2	Biology	#F8766D
#F8766D	13	64	Biology	#F8766D
#F8766D	9	54.3	Biology	#F8766D
#F8766D	5	62.1	Biology	#F8766D
#F8766D	5	55.8	Biology	#F8766D
#F8766D	17	72.2	Biology	#F8766D
#F8766D	13	56.9	Biology	#F8766D
#F8766D	6	66.3	Biology	#F8766D
#F8766D	12	65.1	Biology	#F8766D
#F8766D	5	54.5	Biology	#F8766D
#F8766D	11	56.7	Biology	#F8766D
#F8766D	11	61.7	Biology	#F8766D
#F8766D	12	54.4	Biology	#F8766D
#F8766D	12	67.4	Biology	#F8766D
#F8766D	9	73.8	Biology	#F8766D
#F8766D	19	87.4	Biology	#F8766D
#F8766D	5	45.5	Biology	#F8766D
#F8766D	15	72.8	Biology	#F8766D
#F8766D	8	62.5	Biology	#F8766D
#F8766D	13	70	Biology	#F8766D
#F8766D	12	62.8	Biology	#F8766D
#F8766D	19	82.2	Biology	#F8766D
#00BA38	18	82.5	English	#00BA38
#00BA38	14	69.5	English	#00BA38
#00BA38	11	68.1	English	#00BA38
#00BA38	7	60.5	English	#00BA38
#00BA38	14	76.9	English	#00BA38
#00BA38	9	69.1	English	#00BA38
#00BA38	11	70.1	English	#00BA38
#00BA38	9	61.9	English	#00BA38
#00BA38	6	54.5	English	#00BA38
#00BA38	9	47	English	#00BA38
#00BA38	5	46.1	English	#00BA38
#00BA38	13	67	English	#00BA38
#00BA38	13	75	English	#00BA38
#00BA38	13	63.1	English	#00BA38
#00BA38	3	38.1	English	#00BA38
#00BA38	10	65.6	English	#00BA38
#00BA38	3	52.4	English	#00BA38
#00BA38	17	72.2	English	#00BA38
#00BA38	8	50.6	English	#00BA38
#00BA38	5	48.5	English	#00BA38
#00BA38	19	79.9	English	#00BA38
#00BA38	13	66.3	English	#00BA38
#00BA38	17	67.7	English	#00BA38
#00BA38	7	57.8	English	#00BA38
#00BA38	14	70.8	English	#00BA38
#00BA38	5	48.7	English	#00BA38
#00BA38	8	59.7	English	#00BA38
#00BA38	6	62.9	English	#00BA38
#00BA38	2	38.8	English	#00BA38
#00BA38	11	62.3	English	#00BA38
#00BA38	7	52.9	English	#00BA38
#00BA38	10	61.9	English	#00BA38
#00BA38	17	65.8	English	#00BA38
#00BA38	9	77.2	English	#00BA38
#00BA38	12	62.1	English	#00BA38
#00BA38	9	65.9	English	#00BA38
#00BA38	13	63.5	English	#00BA38
#00BA38	12	59.4	English	#00BA38
#00BA38	6	63.8	English	#00BA38
#00BA38	21	80.9	English	#00BA38
#00BA38	8	51.8	English	#00BA38
#00BA38	11	68	English	#00BA38
#00BA38	19	77.2	English	#00BA38
#00BA38	16	81.6	English	#00BA38
#00BA38	6	53.7	English	#00BA38
#00BA38	14	68.8	English	#00BA38
#00BA38	14	73.9	English	#00BA38
#00BA38	9	64.5	English	#00BA38
#00BA38	8	64	English	#00BA38
#00BA38	25	84.1	English	#00BA38
#00BFC4	17	78.4	History	#00BFC4
#00BFC4	10	66.5	History	#00BFC4
#00BFC4	8	62.3	History	#00BFC4
#00BFC4	14	68.2	History	#00BFC4
#00BFC4	22	84.5	History	#00BFC4
#00BFC4	17	80.2	History	#00BFC4
#00BFC4	18	69.8	History	#00BFC4
#00BFC4	17	67.3	History	#00BFC4
#00BFC4	6	53.7	History	#00BFC4
#00BFC4	10	60.4	History	#00BFC4
#00BFC4	4	50.2	History	#00BFC4
#00BFC4	11	63	History	#00BFC4
#00BFC4	9	65.3	History	#00BFC4
#00BFC4	12	63.6	History	#00BFC4
#00BFC4	9	46.9	History	#00BFC4
#00BFC4	15	61.4	History	#00BFC4
#00BFC4	12	55.5	History	#00BFC4
#00BFC4	15	69.7	History	#00BFC4
#00BFC4	6	54.2	History	#00BFC4
#00BFC4	6	41.7	History	#00BFC4
#00BFC4	13	71.1	History	#00BFC4
#00BFC4	14	69.2	History	#00BFC4
#00BFC4	14	77.4	History	#00BFC4
#00BFC4	11	59.5	History	#00BFC4
#00BFC4	12	82.3	History	#00BFC4
#00BFC4	8	48.7	History	#00BFC4
#00BFC4	7	58.7	History	#00BFC4
#00BFC4	21	75.3	History	#00BFC4
#00BFC4	4	34.7	History	#00BFC4
#00BFC4	9	62.1	History	#00BFC4
#00BFC4	6	51	History	#00BFC4
#00BFC4	16	58.6	History	#00BFC4
#00BFC4	13	66.6	History	#00BFC4
#00BFC4	16	74.7	History	#00BFC4
#00BFC4	13	65.7	History	#00BFC4
#00BFC4	3	61.3	History	#00BFC4
#00BFC4	17	75.2	History	#00BFC4
#00BFC4	9	49.7	History	#00BFC4
#00BFC4	14	59.3	History	#00BFC4
#00BFC4	19	71.5	History	#00BFC4
#00BFC4	6	53	History	#00BFC4
#00BFC4	11	57	History	#00BFC4
#00BFC4	20	71.6	History	#00BFC4
#00BFC4	16	84.9	History	#00BFC4
#00BFC4	5	56.7	History	#00BFC4
#00BFC4	14	73.9	History	#00BFC4
#00BFC4	12	62.5	History	#00BFC4
#00BFC4	6	74.1	History	#00BFC4
#00BFC4	12	65.7	History	#00BFC4
#00BFC4	18	90.9	History	#00BFC4
#619CFF	15	66.8	Mathematics	#619CFF
#619CFF	9	67.7	Mathematics	#619CFF
#619CFF	13	61.5	Mathematics	#619CFF
#619CFF	11	53.1	Mathematics	#619CFF
#619CFF	9	60.4	Mathematics	#619CFF
#619CFF	15	69.4	Mathematics	#619CFF
#619CFF	14	68	Mathematics	#619CFF
#619CFF	10	61.8	Mathematics	#619CFF
#619CFF	3	52.6	Mathematics	#619CFF
#619CFF	8	42.3	Mathematics	#619CFF
#619CFF	4	41.1	Mathematics	#619CFF
#619CFF	13	66.4	Mathematics	#619CFF
#619CFF	14	63.6	Mathematics	#619CFF
#619CFF	5	58.7	Mathematics	#619CFF
#619CFF	2	35.6	Mathematics	#619CFF
#619CFF	9	54.9	Mathematics	#619CFF
#619CFF	3	50.6	Mathematics	#619CFF
#619CFF	11	64.1	Mathematics	#619CFF
#619CFF	2	45.9	Mathematics	#619CFF
#619CFF	2	35.3	Mathematics	#619CFF
#619CFF	21	79.1	Mathematics	#619CFF
#619CFF	10	60	Mathematics	#619CFF
#619CFF	11	67.4	Mathematics	#619CFF
#619CFF	9	56.1	Mathematics	#619CFF
#619CFF	10	63.2	Mathematics	#619CFF
#619CFF	10	42.9	Mathematics	#619CFF
#619CFF	2	56.8	Mathematics	#619CFF
#619CFF	12	63.5	Mathematics	#619CFF
#619CFF	2	50.1	Mathematics	#619CFF
#619CFF	10	53.7	Mathematics	#619CFF
#619CFF	7	45.5	Mathematics	#619CFF
#619CFF	10	54.5	Mathematics	#619CFF
#619CFF	12	55.3	Mathematics	#619CFF
#619CFF	12	71.2	Mathematics	#619CFF
#619CFF	3	61.6	Mathematics	#619CFF
#619CFF	7	64.8	Mathematics	#619CFF
#619CFF	13	54.3	Mathematics	#619CFF
#619CFF	6	58.2	Mathematics	#619CFF
#619CFF	10	52.6	Mathematics	#619CFF
#619CFF	8	69.3	Mathematics	#619CFF
#619CFF	7	50.3	Mathematics	#619CFF
#619CFF	13	62.7	Mathematics	#619CFF
#619CFF	11	68.4	Mathematics	#619CFF
#619CFF	9	73	Mathematics	#619CFF
#619CFF	8	54.1	Mathematics	#619CFF
#619CFF	8	63.1	Mathematics	#619CFF
#619CFF	11	60.2	Mathematics	#619CFF
#619CFF	10	64.9	Mathematics	#619CFF
#619CFF	6	58.6	Mathematics	#619CFF
#619CFF	15	77.5	Mathematics	#619CFF
#F564E3	17	80.8	Physics	#F564E3
#F564E3	15	69.6	Physics	#F564E3
#F564E3	15	60.9	Physics	#F564E3
#F564E3	11	54.7	Physics	#F564E3
#F564E3	15	77.4	Physics	#F564E3
#F564E3	13	63.6	Physics	#F564E3
#F564E3	13	67.6	Physics	#F564E3
#F564E3	7	59.2	Physics	#F564E3
#F564E3	6	50.4	Physics	#F564E3
#F564E3	3	53.3	Physics	#F564E3
#F564E3	2	51.3	Physics	#F564E3
#F564E3	15	66.1	Physics	#F564E3
#F564E3	21	73.4	Physics	#F564E3
#F564E3	12	67.6	Physics	#F564E3
#F564E3	2	32	Physics	#F564E3
#F564E3	14	59.9	Physics	#F564E3
#F564E3	7	46.3	Physics	#F564E3
#F564E3	9	61.5	Physics	#F564E3
#F564E3	4	37.1	Physics	#F564E3
#F564E3	2	43.9	Physics	#F564E3
#F564E3	17	63.8	Physics	#F564E3
#F564E3	10	72	Physics	#F564E3
#F564E3	9	70.9	Physics	#F564E3
#F564E3	7	56.7	Physics	#F564E3
#F564E3	11	69.2	Physics	#F564E3
#F564E3	2	44.1	Physics	#F564E3
#F564E3	10	67.1	Physics	#F564E3
#F564E3	13	60.9	Physics	#F564E3
#F564E3	2	44.5	Physics	#F564E3
#F564E3	13	67	Physics	#F564E3
#F564E3	9	57.1	Physics	#F564E3
#F564E3	9	65	Physics	#F564E3
#F564E3	13	60.9	Physics	#F564E3
#F564E3	12	68.5	Physics	#F564E3
#F564E3	8	61	Physics	#F564E3
#F564E3	11	69.8	Physics	#F564E3
#F564E3	7	56.2	Physics	#F564E3
#F564E3	4	51.6	Physics	#F564E3
#F564E3	7	52.3	Physics	#F564E3
#F564E3	12	65.2	Physics	#F564E3
#F564E3	6	49.2	Physics	#F564E3
#F564E3	14	68.8	Physics	#F564E3
#F564E3	17	64.9	Physics	#F564E3
#F564E3	16	78.5	Physics	#F564E3
#F564E3	10	51.8	Physics	#F564E3
#F564E3	10	60.3	Physics	#F564E3
#F564E3	9	58.2	Physics	#F564E3
#F564E3	12	65.1	Physics	#F564E3
#F564E3	13	68.3	Physics	#F564E3
#F564E3	14	78.4	Physics	#F564E3
#B79F00	16	66.2	Chemistry	#B79F00
#B79F00	16	71.1	Chemistry	#B79F00
#B79F00	10	56.6	Chemistry	#B79F00
#B79F00	2	48.5	Chemistry	#B79F00
#B79F00	17	77.4	Chemistry	#B79F00
#B79F00	18	79.7	Chemistry	#B79F00
#B79F00	12	69.7	Chemistry	#B79F00
#B79F00	15	64.4	Chemistry	#B79F00
#B79F00	13	43.7	Chemistry	#B79F00
#B79F00	11	56.9	Chemistry	#B79F00
#B79F00	11	48.5	Chemistry	#B79F00
#B79F00	12	69.9	Chemistry	#B79F00
#B79F00	17	73	Chemistry	#B79F00
#B79F00	13	70.8	Chemistry	#B79F00
#B79F00	8	35.5	Chemistry	#B79F00
#B79F00	11	60.3	Chemistry	#B79F00
#B79F00	12	53.4	Chemistry	#B79F00
#B79F00	11	73	Chemistry	#B79F00
#B79F00	6	55.2	Chemistry	#B79F00
#B79F00	2	39	Chemistry	#B79F00
#B79F00	21	77.3	Chemistry	#B79F00
#B79F00	16	64.1	Chemistry	#B79F00
#B79F00	13	70.9	Chemistry	#B79F00
#B79F00	7	59.7	Chemistry	#B79F00
#B79F00	13	64.9	Chemistry	#B79F00
#B79F00	7	46.4	Chemistry	#B79F00
#B79F00	14	60.5	Chemistry	#B79F00
#B79F00	8	65.2	Chemistry	#B79F00
#B79F00	2	38.7	Chemistry	#B79F00
#B79F00	7	64.2	Chemistry	#B79F00
#B79F00	10	49.1	Chemistry	#B79F00
#B79F00	12	55.7	Chemistry	#B79F00
#B79F00	10	53.5	Chemistry	#B79F00
#B79F00	15	77	Chemistry	#B79F00
#B79F00	7	52.6	Chemistry	#B79F00
#B79F00	17	67.6	Chemistry	#B79F00
#B79F00	12	64.2	Chemistry	#B79F00
#B79F00	7	58.3	Chemistry	#B79F00
#B79F00	4	53.8	Chemistry	#B79F00
#B79F00	16	71.3	Chemistry	#B79F00
#B79F00	9	53.2	Chemistry	#B79F00
#B79F00	13	61.3	Chemistry	#B79F00
#B79F00	13	68.9	Chemistry	#B79F00
#B79F00	14	80.7	Chemistry	#B79F00
#B79F00	2	45.8	Chemistry	#B79F00
#B79F00	7	64	Chemistry	#B79F00
#B79F00	11	62.3	Chemistry	#B79F00
#B79F00	14	73.4	Chemistry	#B79F00
#B79F00	5	60.8	Chemistry	#B79F00
#B79F00	15	84.2	Chemistry	#B79F00
#F8766D	14	77.7	Biology	#F8766D
#F8766D	13	65	Biology	#F8766D
#F8766D	13	66.9	Biology	#F8766D
#F8766D	13	62	Biology	#F8766D
#F8766D	14	86.7	Biology	#F8766D
#F8766D	10	72.8	Biology	#F8766D
#F8766D	6	58.9	Biology	#F8766D
#F8766D	16	71.6	Biology	#F8766D
#F8766D	7	51.3	Biology	#F8766D
#F8766D	6	47.4	Biology	#F8766D
#F8766D	7	47.6	Biology	#F8766D
#F8766D	12	70.9	Biology	#F8766D
#F8766D	9	67.6	Biology	#F8766D
#F8766D	13	71.4	Biology	#F8766D
#F8766D	2	32.7	Biology	#F8766D
#F8766D	8	58.3	Biology	#F8766D
#F8766D	8	51.3	Biology	#F8766D
#F8766D	18	66.6	Biology	#F8766D
#F8766D	6	46.8	Biology	#F8766D
#F8766D	2	33.3	Biology	#F8766D
#F8766D	14	71.4	Biology	#F8766D
#F8766D	15	64.9	Biology	#F8766D
#F8766D	9	70.6	Biology	#F8766D
#F8766D	4	52.1	Biology	#F8766D
#F8766D	12	66.1	Biology	#F8766D
#F8766D	10	57	Biology	#F8766D
#F8766D	5	57.1	Biology	#F8766D
#F8766D	22	74.8	Biology	#F8766D
#F8766D	9	47.1	Biology	#F8766D
#F8766D	8	64.6	Biology	#F8766D
#F8766D	5	45.3	Biology	#F8766D
#F8766D	10	54.9	Biology	#F8766D
#F8766D	8	57.7	Biology	#F8766D
#F8766D	19	79.2	Biology	#F8766D
#F8766D	11	60.2	Biology	#F8766D
#F8766D	19	78	Biology	#F8766D
#F8766D	12	66.6	Biology	#F8766D
#F8766D	12	54.9	Biology	#F8766D
#F8766D	5	49.1	Biology	#F8766D
#F8766D	17	69.1	Biology	#F8766D
#F8766D	7	49.7	Biology	#F8766D
#F8766D	11	61.5	Biology	#F8766D
#F8766D	10	70.6	Biology	#F8766D
#F8766D	19	78.3	Biology	#F8766D
#F8766D	6	50.1	Biology	#F8766D
#F8766D	14	73.2	Biology	#F8766D
#F8766D	15	70.7	Biology	#F8766D
#F8766D	8	67.3	Biology	#F8766D
#F8766D	11	68.5	Biology	#F8766D
#F8766D	15	83.6	Biology	#F8766D
#00BA38	17	79.4	English	#00BA38
#00BA38	8	72.7	English	#00BA38
#00BA38	9	67.1	English	#00BA38
#00BA38	14	62.8	English	#00BA38
#00BA38	15	76.5	English	#00BA38
#00BA38	13	80.1	English	#00BA38
#00BA38	8	62.9	English	#00BA38
#00BA38	17	72.4	English	#00BA38
#00BA38	7	52.3	English	#00BA38
#00BA38	8	57.4	English	#00BA38
#00BA38	4	56	English	#00BA38
#00BA38	17	80.5	English	#00BA38
#00BA38	14	71.2	English	#00BA38
#00BA38	12	68.4	English	#00BA38
#00BA38	5	36.1	English	#00BA38
#00BA38	13	65.8	English	#00BA38
#00BA38	7	56.3	English	#00BA38
#00BA38	20	73.2	English	#00BA38
#00BA38	8	50.8	English	#00BA38
#00BA38	2	36.6	English	#00BA38
#00BA38	12	72.4	English	#00BA38
#00BA38	14	64.4	English	#00BA38
#00BA38	20	80.5	English	#00BA38
#00BA38	8	56.5	English	#00BA38
#00BA38	21	74.1	English	#00BA38
#00BA38	11	58.2	English	#00BA38
#00BA38	11	62	English	#00BA38
#00BA38	12	72	English	#00BA38
#00BA38	10	51.2	English	#00BA38
#00BA38	7	57.7	English	#00BA38
#00BA38	2	45.5	English	#00BA38
#00BA38	13	66.9	English	#00BA38
#00BA38	7	51.7	English	#00BA38
#00BA38	12	73.6	English	#00BA38
#00BA38	16	65	English	#00BA38
#00BA38	16	70.8	English	#00BA38
#00BA38	13	70.1	English	#00BA38
#00BA38	10	56.2	English	#00BA38
#00BA38	18	69.3	English	#00BA38
#00BA38	19	77.7	English	#00BA38
#00BA38	14	57.3	English	#00BA38
#00BA38	10	59.8	English	#00BA38
#00BA38	10	64.2	English	#00BA38
#00BA38	19	88.1	English	#00BA38
#00BA38	8	52.6	English	#00BA38
#00BA38	13	65.7	English	#00BA38
#00BA38	12	67.6	English	#00BA38
#00BA38	17	80.1	English	#00BA38
#00BA38	18	75	English	#00BA38
#00BA38	16	83.9	English	#00BA38
#00BFC4	6	63.9	History	#00BFC4
#00BFC4	16	78.1	History	#00BFC4
#00BFC4	14	68.9	History	#00BFC4
#00BFC4	9	65.5	History	#00BFC4
#00BFC4	14	79.7	History	#00BFC4
#00BFC4	17	75.7	History	#00BFC4
#00BFC4	12	71.8	History	#00BFC4
#00BFC4	9	55.2	History	#00BFC4
#00BFC4	4	54.3	History	#00BFC4
#00BFC4	5	53.3	History	#00BFC4
#00BFC4	7	44.1	History	#00BFC4
#00BFC4	18	77.7	History	#00BFC4
#00BFC4	12	72.1	History	#00BFC4
#00BFC4	18	77.9	History	#00BFC4
#00BFC4	6	36.7	History	#00BFC4
#00BFC4	11	61.2	History	#00BFC4
#00BFC4	7	62.1	History	#00BFC4
#00BFC4	12	82.9	History	#00BFC4
#00BFC4	11	51.2	History	#00BFC4
#00BFC4	2	47.6	History	#00BFC4
#00BFC4	17	82.5	History	#00BFC4
#00BFC4	7	64.8	History	#00BFC4
#00BFC4	16	75.7	History	#00BFC4
#00BFC4	7	61.2	History	#00BFC4
#00BFC4	14	70	History	#00BFC4
#00BFC4	6	56	History	#00BFC4
#00BFC4	10	64.4	History	#00BFC4
#00BFC4	16	68.1	History	#00BFC4
#00BFC4	9	45.6	History	#00BFC4
#00BFC4	11	65.1	History	#00BFC4
#00BFC4	8	45.7	History	#00BFC4
#00BFC4	6	58.7	History	#00BFC4
#00BFC4	6	53.5	History	#00BFC4
#00BFC4	20	77.4	History	#00BFC4
#00BFC4	9	58	History	#00BFC4
#00BFC4	14	77.1	History	#00BFC4
#00BFC4	16	64.8	History	#00BFC4
#00BFC4	13	65.6	History	#00BFC4
#00BFC4	14	62.2	History	#00BFC4
#00BFC4	13	78.3	History	#00BFC4
#00BFC4	12	54.4	History	#00BFC4
#00BFC4	8	64.4	History	#00BFC4
#00BFC4	12	75.5	History	#00BFC4
#00BFC4	20	90.5	History	#00BFC4
#00BFC4	6	56	History	#00BFC4
#00BFC4	10	61.8	History	#00BFC4
#00BFC4	19	65.6	History	#00BFC4
#00BFC4	13	83.7	History	#00BFC4
#00BFC4	9	70.9	History	#00BFC4
#00BFC4	18	76.2	History	#00BFC4
#619CFF	18	75.7	Mathematics	#619CFF
#619CFF	13	61.5	Mathematics	#619CFF
#619CFF	10	57.9	Mathematics	#619CFF
#619CFF	11	57.5	Mathematics	#619CFF
#619CFF	17	75.3	Mathematics	#619CFF
#619CFF	12	79.4	Mathematics	#619CFF
#619CFF	10	63.1	Mathematics	#619CFF
#619CFF	12	58.2	Mathematics	#619CFF
#619CFF	2	47.8	Mathematics	#619CFF
#619CFF	9	49.9	Mathematics	#619CFF
#619CFF	2	47.2	Mathematics	#619CFF
#619CFF	9	62.8	Mathematics	#619CFF
#619CFF	12	70.1	Mathematics	#619CFF
#619CFF	19	68.2	Mathematics	#619CFF
#619CFF	2	40	Mathematics	#619CFF
#619CFF	11	62.1	Mathematics	#619CFF
#619CFF	8	48.1	Mathematics	#619CFF
#619CFF	13	69.8	Mathematics	#619CFF
#619CFF	6	44.6	Mathematics	#619CFF
#619CFF	10	38.9	Mathematics	#619CFF
#619CFF	19	74.9	Mathematics	#619CFF
#619CFF	17	63.5	Mathematics	#619CFF
#619CFF	18	70.1	Mathematics	#619CFF
#619CFF	15	55.1	Mathematics	#619CFF
#619CFF	18	62.8	Mathematics	#619CFF
#619CFF	2	41.1	Mathematics	#619CFF
#619CFF	14	59.6	Mathematics	#619CFF
#619CFF	14	67.6	Mathematics	#619CFF
#619CFF	2	43.4	Mathematics	#619CFF
#619CFF	2	52.9	Mathematics	#619CFF
#619CFF	2	46	Mathematics	#619CFF
#619CFF	8	60.3	Mathematics	#619CFF
#619CFF	10	57.4	Mathematics	#619CFF
#619CFF	20	87.7	Mathematics	#619CFF
#619CFF	10	58.9	Mathematics	#619CFF
#619CFF	9	63.7	Mathematics	#619CFF
#619CFF	15	67.6	Mathematics	#619CFF
#619CFF	9	56.3	Mathematics	#619CFF
#619CFF	9	52.5	Mathematics	#619CFF
#619CFF	10	59.4	Mathematics	#619CFF
#619CFF	4	50.6	Mathematics	#619CFF
#619CFF	13	59.7	Mathematics	#619CFF
#619CFF	10	70.1	Mathematics	#619CFF
#619CFF	22	85.7	Mathematics	#619CFF
#619CFF	10	52.9	Mathematics	#619CFF
#619CFF	10	58.3	Mathematics	#619CFF
#619CFF	14	62.3	Mathematics	#619CFF
#619CFF	18	76.1	Mathematics	#619CFF
#619CFF	17	76.1	Mathematics	#619CFF
#619CFF	12	72.5	Mathematics	#619CFF
#F564E3	12	68	Physics	#F564E3
#F564E3	14	73.5	Physics	#F564E3
#F564E3	12	61.1	Physics	#F564E3
#F564E3	5	56	Physics	#F564E3
#F564E3	16	72	Physics	#F564E3
#F564E3	11	70.7	Physics	#F564E3
#F564E3	13	68.2	Physics	#F564E3
#F564E3	14	58.9	Physics	#F564E3
#F564E3	6	53.5	Physics	#F564E3
#F564E3	9	54.8	Physics	#F564E3
#F564E3	5	43.8	Physics	#F564E3
#F564E3	8	65.4	Physics	#F564E3
#F564E3	13	71.9	Physics	#F564E3
#F564E3	12	67.7	Physics	#F564E3
#F564E3	3	38.4	Physics	#F564E3
#F564E3	11	59.7	Physics	#F564E3
#F564E3	4	52.7	Physics	#F564E3
#F564E3	21	76.5	Physics	#F564E3
#F564E3	3	49.6	Physics	#F564E3
#F564E3	2	44	Physics	#F564E3
#F564E3	17	78.7	Physics	#F564E3
#F564E3	4	60.5	Physics	#F564E3
#F564E3	17	70.5	Physics	#F564E3
#F564E3	11	60.7	Physics	#F564E3
#F564E3	10	62.4	Physics	#F564E3
#F564E3	7	52.4	Physics	#F564E3
#F564E3	12	65.9	Physics	#F564E3
#F564E3	15	75.2	Physics	#F564E3
#F564E3	4	46.8	Physics	#F564E3
#F564E3	7	61.2	Physics	#F564E3
#F564E3	5	43.5	Physics	#F564E3
#F564E3	11	65.1	Physics	#F564E3
#F564E3	4	51.3	Physics	#F564E3
#F564E3	13	75.6	Physics	#F564E3
#F564E3	5	49.9	Physics	#F564E3
#F564E3	17	65.1	Physics	#F564E3
#F564E3	11	71.8	Physics	#F564E3
#F564E3	10	60.2	Physics	#F564E3
#F564E3	10	65.8	Physics	#F564E3
#F564E3	7	61.2	Physics	#F564E3
#F564E3	10	53.6	Physics	#F564E3
#F564E3	8	56.4	Physics	#F564E3
#F564E3	12	72.2	Physics	#F564E3
#F564E3	12	79.5	Physics	#F564E3
#F564E3	2	44.7	Physics	#F564E3
#F564E3	20	64.7	Physics	#F564E3
#F564E3	15	65.3	Physics	#F564E3
#F564E3	15	68	Physics	#F564E3
#F564E3	14	74.6	Physics	#F564E3
#F564E3	16	80.4	Physics	#F564E3
#B79F00	15	72.7	Chemistry	#B79F00
#B79F00	12	71.9	Chemistry	#B79F00
#B79F00	14	72.6	Chemistry	#B79F00
#B79F00	9	61.7	Chemistry	#B79F00
#B79F00	16	81.1	Chemistry	#B79F00
#B79F00	21	74.9	Chemistry	#B79F00
#B79F00	15	68.9	Chemistry	#B79F00
#B79F00	11	63.5	Chemistry	#B79F00
#B79F00	7	45.8	Chemistry	#B79F00
#B79F00	15	64.6	Chemistry	#B79F00
#B79F00	9	42.3	Chemistry	#B79F00
#B79F00	7	67.9	Chemistry	#B79F00
#B79F00	11	63.2	Chemistry	#B79F00
#B79F00	8	65.9	Chemistry	#B79F00
#B79F00	2	33.3	Chemistry	#B79F00
#B79F00	5	58.5	Chemistry	#B79F00
#B79F00	7	52.9	Chemistry	#B79F00
#B79F00	12	69.9	Chemistry	#B79F00
#B79F00	3	33.4	Chemistry	#B79F00
#B79F00	5	42.5	Chemistry	#B79F00
#B79F00	15	73	Chemistry	#B79F00
#B79F00	10	70.9	Chemistry	#B79F00
#B79F00	11	72.4	Chemistry	#B79F00
#B79F00	13	61.8	Chemistry	#B79F00
#B79F00	12	66.2	Chemistry	#B79F00
#B79F00	2	52.9	Chemistry	#B79F00
#B79F00	6	56.9	Chemistry	#B79F00
#B79F00	14	65.4	Chemistry	#B79F00
#B79F00	5	46	Chemistry	#B79F00
#B79F00	15	66.4	Chemistry	#B79F00
#B79F00	5	50.3	Chemistry	#B79F00
#B79F00	14	67.7	Chemistry	#B79F00
#B79F00	10	58.1	Chemistry	#B79F00
#B79F00	13	73.2	Chemistry	#B79F00
#B79F00	11	60.3	Chemistry	#B79F00
#B79F00	10	63.2	Chemistry	#B79F00
#B79F00	9	59.1	Chemistry	#B79F00
#B79F00	8	59.1	Chemistry	#B79F00
#B79F00	9	61	Chemistry	#B79F00
#B79F00	12	66.9	Chemistry	#B79F00
#B79F00	10	58.3	Chemistry	#B79F00
#B79F00	10	60.2	Chemistry	#B79F00
#B79F00	17	76.8	Chemistry	#B79F00
#B79F00	20	86.1	Chemistry	#B79F00
#B79F00	8	47.4	Chemistry	#B79F00
#B79F00	16	80.7	Chemistry	#B79F00
#B79F00	12	72.4	Chemistry	#B79F00
#B79F00	17	76.4	Chemistry	#B79F00
#B79F00	15	66.1	Chemistry	#B79F00
#B79F00	21	89.3	Chemistry	#B79F00
#F8766D	11	74.9	Biology	#F8766D
#F8766D	17	69.7	Biology	#F8766D
#F8766D	16	70.4	Biology	#F8766D
#F8766D	9	61.8	Biology	#F8766D
#F8766D	18	71.2	Biology	#F8766D
#F8766D	20	84.8	Biology	#F8766D
#F8766D	14	65.9	Biology	#F8766D
#F8766D	7	62	Biology	#F8766D
#F8766D	8	55	Biology	#F8766D
#F8766D	12	62	Biology	#F8766D
#F8766D	5	46.3	Biology	#F8766D
#F8766D	13	75.6	Biology	#F8766D
#F8766D	12	73	Biology	#F8766D
#F8766D	4	63.4	Biology	#F8766D
#F8766D	2	33.8	Biology	#F8766D
#F8766D	8	63.9	Biology	#F8766D
#F8766D	8	59.2	Biology	#F8766D
#F8766D	10	65.3	Biology	#F8766D
#F8766D	2	46.5	Biology	#F8766D
#F8766D	6	45.2	Biology	#F8766D
#F8766D	15	72.5	Biology	#F8766D
#F8766D	15	66.5	Biology	#F8766D
#F8766D	17	76	Biology	#F8766D
#F8766D	16	67	Biology	#F8766D
#F8766D	9	66.7	Biology	#F8766D
#F8766D	8	56.6	Biology	#F8766D
#F8766D	14	63.4	Biology	#F8766D
#F8766D	9	71.8	Biology	#F8766D
#F8766D	8	39.7	Biology	#F8766D
#F8766D	10	59.8	Biology	#F8766D
#F8766D	8	52.7	Biology	#F8766D
#F8766D	6	56.1	Biology	#F8766D
#F8766D	4	60.1	Biology	#F8766D
#F8766D	19	82.3	Biology	#F8766D
#F8766D	10	56.6	Biology	#F8766D
#F8766D	12	71.7	Biology	#F8766D
#F8766D	8	66.7	Biology	#F8766D
#F8766D	7	54.6	Biology	#F8766D
#F8766D	16	66.6	Biology	#F8766D
#F8766D	15	65.7	Biology	#F8766D
#F8766D	4	49.2	Biology	#F8766D
#F8766D	20	76.7	Biology	#F8766D
#F8766D	17	81.9	Biology	#F8766D
#F8766D	21	76.7	Biology	#F8766D
#F8766D	10	58.8	Biology	#F8766D
#F8766D	14	75.4	Biology	#F8766D
#F8766D	18	75	Biology	#F8766D
#F8766D	15	75.1	Biology	#F8766D
#F8766D	13	84.3	Biology	#F8766D
#F8766D	22	80.9	Biology	#F8766D
#00BA38	19	79.5	English	#00BA38
#00BA38	23	72.8	English	#00BA38
#00BA38	14	75.2	English	#00BA38
#00BA38	10	64.1	English	#00BA38
#00BA38	17	71.5	English	#00BA38
#00BA38	15	83.1	English	#00BA38
#00BA38	12	81	English	#00BA38
#00BA38	8	62.7	English	#00BA38
#00BA38	12	53.9	English	#00BA38
#00BA38	5	54.4	English	#00BA38
#00BA38	8	45.6	English	#00BA38
#00BA38	11	65.7	English	#00BA38
#00BA38	14	73.2	English	#00BA38
#00BA38	17	72.1	English	#00BA38
#00BA38	6	37.3	English	#00BA38
#00BA38	14	64.8	English	#00BA38
#00BA38	13	64.5	English	#00BA38
#00BA38	10	72	English	#00BA38
#00BA38	5	48.2	English	#00BA38
#00BA38	2	48.1	English	#00BA38
#00BA38	21	84.9	English	#00BA38
#00BA38	18	74.8	English	#00BA38
#00BA38	11	77.4	English	#00BA38
#00BA38	12	61.6	English	#00BA38
#00BA38	13	80.1	English	#00BA38
#00BA38	16	63	English	#00BA38
#00BA38	10	63.7	English	#00BA38
#00BA38	15	76.1	English	#00BA38
#00BA38	7	47.5	English	#00BA38
#00BA38	11	63.8	English	#00BA38
#00BA38	11	57.7	English	#00BA38
#00BA38	4	55.1	English	#00BA38
#00BA38	14	61	English	#00BA38
#00BA38	19	81.2	English	#00BA38
#00BA38	11	66.3	English	#00BA38
#00BA38	13	74.8	English	#00BA38
#00BA38	8	73.7	English	#00BA38
#00BA38	7	70.3	English	#00BA38
#00BA38	8	65.5	English	#00BA38
#00BA38	9	76.9	English	#00BA38
#00BA38	14	57.3	English	#00BA38
#00BA38	18	75.2	English	#00BA38
#00BA38	12	70.3	English	#00BA38
#00BA38	20	82.6	English	#00BA38
#00BA38	13	61	English	#00BA38
#00BA38	15	59.8	English	#00BA38
#00BA38	10	72	English	#00BA38
#00BA38	17	86.1	English	#00BA38
#00BA38	23	80.7	English	#00BA38
#00BA38	15	87.6	English	#00BA38
#00BFC4	19	81.2	History	#00BFC4
#00BFC4	16	70.7	History	#00BFC4
#00BFC4	11	60	History	#00BFC4
#00BFC4	10	67.9	History	#00BFC4
#00BFC4	20	85.5	History	#00BFC4
#00BFC4	17	81.9	History	#00BFC4
#00BFC4	12	71	History	#00BFC4
#00BFC4	9	66.5	History	#00BFC4
#00BFC4	8	56.9	History	#00BFC4
#00BFC4	14	67.3	History	#00BFC4
#00BFC4	4	51.9	History	#00BFC4
#00BFC4	10	72.5	History	#00BFC4
#00BFC4	13	71.3	History	#00BFC4
#00BFC4	19	75.1	History	#00BFC4
#00BFC4	2	35.8	History	#00BFC4
#00BFC4	10	63.9	History	#00BFC4
#00BFC4	11	62.8	History	#00BFC4
#00BFC4	14	74.6	History	#00BFC4
#00BFC4	6	53	History	#00BFC4
#00BFC4	3	50.9	History	#00BFC4
#00BFC4	18	81.3	History	#00BFC4
#00BFC4	19	75.2	History	#00BFC4
#00BFC4	16	84.5	History	#00BFC4
#00BFC4	11	67.2	History	#00BFC4
#00BFC4	14	70.4	History	#00BFC4
#00BFC4	5	51.6	History	#00BFC4
#00BFC4	13	59.6	History	#00BFC4
#00BFC4	17	79.9	History	#00BFC4
#00BFC4	12	53.3	History	#00BFC4
#00BFC4	14	75.5	History	#00BFC4
#00BFC4	10	51.3	History	#00BFC4
#00BFC4	18	71.3	History	#00BFC4
#00BFC4	11	57.6	History	#00BFC4
#00BFC4	16	85.4	History	#00BFC4
#00BFC4	14	74.9	History	#00BFC4
#00BFC4	13	73.9	History	#00BFC4
#00BFC4	18	79.1	History	#00BFC4
#00BFC4	11	65	History	#00BFC4
#00BFC4	9	59	History	#00BFC4
#00BFC4	12	69.9	History	#00BFC4
#00BFC4	8	56	History	#00BFC4
#00BFC4	12	75.2	History	#00BFC4
#00BFC4	14	69.4	History	#00BFC4
#00BFC4	19	86.9	History	#00BFC4
#00BFC4	10	58.9	History	#00BFC4
#00BFC4	17	76.5	History	#00BFC4
#00BFC4	17	72.1	History	#00BFC4
#00BFC4	20	77.7	History	#00BFC4
#00BFC4	14	70.6	History	#00BFC4
#00BFC4	21	91.5	History	#00BFC4
#619CFF	21	81.2	Mathematics	#619CFF
#619CFF	12	75	Mathematics	#619CFF
#619CFF	10	52.2	Mathematics	#619CFF
#619CFF	13	63.8	Mathematics	#619CFF
#619CFF	15	71	Mathematics	#619CFF
#619CFF	8	68	Mathematics	#619CFF
#619CFF	18	70.2	Mathematics	#619CFF
#619CFF	9	60.8	Mathematics	#619CFF
#619CFF	7	51.1	Mathematics	#619CFF
#619CFF	8	56.7	Mathematics	#619CFF
#619CFF	2	51.5	Mathematics	#619CFF
#619CFF	11	63.6	Mathematics	#619CFF
#619CFF	17	75	Mathematics	#619CFF
#619CFF	5	56.3	Mathematics	#619CFF
#619CFF	2	38.2	Mathematics	#619CFF
#619CFF	10	59.8	Mathematics	#619CFF
#619CFF	6	51.9	Mathematics	#619CFF
#619CFF	14	69.3	Mathematics	#619CFF
#619CFF	3	38	Mathematics	#619CFF
#619CFF	2	34.8	Mathematics	#619CFF
#619CFF	18	79.3	Mathematics	#619CFF
#619CFF	8	63.3	Mathematics	#619CFF
#619CFF	14	68.1	Mathematics	#619CFF
#619CFF	14	59.5	Mathematics	#619CFF
#619CFF	13	69.5	Mathematics	#619CFF
#619CFF	4	48.7	Mathematics	#619CFF
#619CFF	13	63	Mathematics	#619CFF
#619CFF	14	75.6	Mathematics	#619CFF
#619CFF	5	38.2	Mathematics	#619CFF
#619CFF	12	51.9	Mathematics	#619CFF
#619CFF	4	41.7	Mathematics	#619CFF
#619CFF	13	60.9	Mathematics	#619CFF
#619CFF	8	56.2	Mathematics	#619CFF
#619CFF	9	66.4	Mathematics	#619CFF
#619CFF	5	51.3	Mathematics	#619CFF
#619CFF	15	68.5	Mathematics	#619CFF
#619CFF	17	66.6	Mathematics	#619CFF
#619CFF	5	48.3	Mathematics	#619CFF
#619CFF	8	52.9	Mathematics	#619CFF
#619CFF	11	65.7	Mathematics	#619CFF
#619CFF	6	49.6	Mathematics	#619CFF
#619CFF	12	67	Mathematics	#619CFF
#619CFF	13	66.3	Mathematics	#619CFF
#619CFF	10	76.8	Mathematics	#619CFF
#619CFF	10	53.9	Mathematics	#619CFF
#619CFF	12	69.6	Mathematics	#619CFF
#619CFF	8	56.3	Mathematics	#619CFF
#619CFF	13	67.4	Mathematics	#619CFF
#619CFF	8	62.3	Mathematics	#619CFF
#619CFF	21	86.3	Mathematics	#619CFF
#F564E3	16	74.6	Physics	#F564E3
#F564E3	8	67.2	Physics	#F564E3
#F564E3	11	59.4	Physics	#F564E3
#F564E3	9	61	Physics	#F564E3
#F564E3	14	75.6	Physics	#F564E3
#F564E3	12	74.2	Physics	#F564E3
#F564E3	7	66	Physics	#F564E3
#F564E3	8	56.7	Physics	#F564E3
#F564E3	9	54.7	Physics	#F564E3
#F564E3	4	50.6	Physics	#F564E3
#F564E3	7	50.8	Physics	#F564E3
#F564E3	13	72.9	Physics	#F564E3
#F564E3	10	67.7	Physics	#F564E3
#F564E3	16	66.6	Physics	#F564E3
#F564E3	2	34.1	Physics	#F564E3
#F564E3	17	59.8	Physics	#F564E3
#F564E3	14	59.7	Physics	#F564E3
#F564E3	11	66	Physics	#F564E3
#F564E3	6	41.3	Physics	#F564E3
#F564E3	3	45.9	Physics	#F564E3
#F564E3	19	76	Physics	#F564E3
#F564E3	18	65.9	Physics	#F564E3
#F564E3	7	66.7	Physics	#F564E3
#F564E3	8	61.6	Physics	#F564E3
#F564E3	11	68.7	Physics	#F564E3
#F564E3	7	48.5	Physics	#F564E3
#F564E3	17	58.6	Physics	#F564E3
#F564E3	13	80.6	Physics	#F564E3
#F564E3	8	53	Physics	#F564E3
#F564E3	10	62.5	Physics	#F564E3
#F564E3	10	46.9	Physics	#F564E3
#F564E3	7	56.8	Physics	#F564E3
#F564E3	12	61.7	Physics	#F564E3
#F564E3	13	71.6	Physics	#F564E3
#F564E3	7	54.6	Physics	#F564E3
#F564E3	18	66.1	Physics	#F564E3
#F564E3	17	75.9	Physics	#F564E3
#F564E3	8	53.6	Physics	#F564E3
#F564E3	12	64.7	Physics	#F564E3
#F564E3	18	69	Physics	#F564E3
#F564E3	9	46.8	Physics	#F564E3
#F564E3	11	70.2	Physics	#F564E3
#F564E3	7	70.4	Physics	#F564E3
#F564E3	18	83	Physics	#F564E3
#F564E3	5	54	Physics	#F564E3
#F564E3	9	71.7	Physics	#F564E3
#F564E3	9	71.1	Physics	#F564E3
#F564E3	9	65.3	Physics	#F564E3
#F564E3	12	63.3	Physics	#F564E3
#F564E3	16	82.4	Physics	#F564E3
#B79F00	16	78.8	Chemistry	#B79F00
#B79F00	15	72	Chemistry	#B79F00
#B79F00	14	64.6	Chemistry	#B79F00
#B79F00	7	62.5	Chemistry	#B79F00
#B79F00	23	88.9	Chemistry	#B79F00
#B79F00	16	77.3	Chemistry	#B79F00
#B79F00	15	74.1	Chemistry	#B79F00
#B79F00	13	61.4	Chemistry	#B79F00
#B79F00	12	57.5	Chemistry	#B79F00
#B79F00	8	59.8	Chemistry	#B79F00
#B79F00	3	50.4	Chemistry	#B79F00
#B79F00	15	70.3	Chemistry	#B79F00
#B79F00	18	69.5	Chemistry	#B79F00
#B79F00	9	60	Chemistry	#B79F00
#B79F00	2	32.3	Chemistry	#B79F00
#B79F00	17	67.4	Chemistry	#B79F00
#B79F00	6	54.7	Chemistry	#B79F00
#B79F00	18	71.2	Chemistry	#B79F00
#B79F00	7	48.7	Chemistry	#B79F00
#B79F00	2	52.9	Chemistry	#B79F00
#B79F00	17	68.2	Chemistry	#B79F00
#B79F00	12	66.7	Chemistry	#B79F00
#B79F00	17	82.2	Chemistry	#B79F00
#B79F00	14	66.1	Chemistry	#B79F00
#B79F00	17	76.8	Chemistry	#B79F00
#B79F00	11	54.2	Chemistry	#B79F00
#B79F00	9	63.9	Chemistry	#B79F00
#B79F00	15	72.9	Chemistry	#B79F00
#B79F00	10	49.1	Chemistry	#B79F00
#B79F00	10	60.8	Chemistry	#B79F00
#B79F00	6	59.3	Chemistry	#B79F00
#B79F00	14	63.6	Chemistry	#B79F00
#B79F00	13	65	Chemistry	#B79F00
#B79F00	15	78.9	Chemistry	#B79F00
#B79F00	10	61	Chemistry	#B79F00
#B79F00	21	77.8	Chemistry	#B79F00
#B79F00	6	66.9	Chemistry	#B79F00
#B79F00	12	60.1	Chemistry	#B79F00
#B79F00	16	65.6	Chemistry	#B79F00
#B79F00	13	72.2	Chemistry	#B79F00
#B79F00	9	48.9	Chemistry	#B79F00
#B79F00	12	71.3	Chemistry	#B79F00
#B79F00	10	68.4	Chemistry	#B79F00
#B79F00	20	86.1	Chemistry	#B79F00
#B79F00	2	49.5	Chemistry	#B79F00
#B79F00	12	65	Chemistry	#B79F00
#B79F00	18	66.7	Chemistry	#B79F00
#B79F00	10	66.4	Chemistry	#B79F00
#B79F00	18	73.5	Chemistry	#B79F00
#B79F00	16	76.1	Chemistry	#B79F00
#F8766D	20	80.4	Biology	#F8766D
#F8766D	8	74.1	Biology	#F8766D
#F8766D	11	63.1	Biology	#F8766D
#F8766D	13	61.8	Biology	#F8766D
#F8766D	13	76.9	Biology	#F8766D
#F8766D	14	86.5	Biology	#F8766D
#F8766D	23	85.9	Biology	#F8766D
#F8766D	9	64.8	Biology	#F8766D
#F8766D	6	55.6	Biology	#F8766D
#F8766D	4	54	Biology	#F8766D
#F8766D	10	51.9	Biology	#F8766D
#F8766D	16	72.6	Biology	#F8766D
#F8766D	19	73	Biology	#F8766D
#F8766D	19	75.9	Biology	#F8766D
#F8766D	2	33.3	Biology	#F8766D
#F8766D	11	60.8	Biology	#F8766D
#F8766D	8	56.4	Biology	#F8766D
#F8766D	15	80.2	Biology	#F8766D
#F8766D	5	49.8	Biology	#F8766D
#F8766D	3	47.5	Biology	#F8766D
#F8766D	20	80.5	Biology	#F8766D
#F8766D	10	70.6	Biology	#F8766D
#F8766D	17	78.2	Biology	#F8766D
#F8766D	9	65	Biology	#F8766D
#F8766D	17	79.7	Biology	#F8766D
#F8766D	5	55.7	Biology	#F8766D
#F8766D	16	71.5	Biology	#F8766D
#F8766D	15	70.2	Biology	#F8766D
#F8766D	6	54.7	Biology	#F8766D
#F8766D	10	64.7	Biology	#F8766D
#F8766D	8	55.1	Biology	#F8766D
#F8766D	8	63.6	Biology	#F8766D
#F8766D	11	64.1	Biology	#F8766D
#F8766D	19	85.4	Biology	#F8766D
#F8766D	11	59	Biology	#F8766D
#F8766D	17	78.3	Biology	#F8766D
#F8766D	13	70.7	Biology	#F8766D
#F8766D	15	59.8	Biology	#F8766D
#F8766D	9	65.2	Biology	#F8766D
#F8766D	14	71.5	Biology	#F8766D
#F8766D	14	56.8	Biology	#F8766D
#F8766D	7	62	Biology	#F8766D
#F8766D	15	74.6	Biology	#F8766D
#F8766D	26	97.5	Biology	#F8766D
#F8766D	2	48.1	Biology	#F8766D
#F8766D	16	62.8	Biology	#F8766D
#F8766D	16	78	Biology	#F8766D
#F8766D	20	76.4	Biology	#F8766D
#F8766D	19	67.1	Biology	#F8766D
#F8766D	16	88.5	Biology	#F8766D
#00BA38	19	77.8	English	#00BA38
#00BA38	16	78.5	English	#00BA38
#00BA38	10	66.7	English	#00BA38
#00BA38	15	75.2	English	#00BA38
#00BA38	20	80.6	English	#00BA38
#00BA38	12	80.2	English	#00BA38
#00BA38	14	76.1	English	#00BA38
#00BA38	17	69.2	English	#00BA38
#00BA38	9	56.6	English	#00BA38
#00BA38	13	56.3	English	#00BA38
#00BA38	5	55.2	English	#00BA38
#00BA38	13	78	English	#00BA38
#00BA38	14	78.3	English	#00BA38
#00BA38	19	73.4	English	#00BA38
#00BA38	7	31	English	#00BA38
#00BA38	10	68.3	English	#00BA38
#00BA38	6	48.1	English	#00BA38
#00BA38	17	73.8	English	#00BA38
#00BA38	5	56.1	English	#00BA38
#00BA38	16	55.9	English	#00BA38
#00BA38	18	88.5	English	#00BA38
#00BA38	9	75.4	English	#00BA38
#00BA38	15	77.8	English	#00BA38
#00BA38	16	73.7	English	#00BA38
#00BA38	17	78.6	English	#00BA38
#00BA38	16	57.3	English	#00BA38
#00BA38	12	68.4	English	#00BA38
#00BA38	17	82	English	#00BA38
#00BA38	7	53.6	English	#00BA38
#00BA38	11	65.1	English	#00BA38
#00BA38	12	58.3	English	#00BA38
#00BA38	12	79	English	#00BA38
#00BA38	10	64.1	English	#00BA38
#00BA38	22	79.7	English	#00BA38
#00BA38	10	67.7	English	#00BA38
#00BA38	15	80.1	English	#00BA38
#00BA38	13	67.7	English	#00BA38
#00BA38	21	72.5	English	#00BA38
#00BA38	13	64.7	English	#00BA38
#00BA38	11	74.3	English	#00BA38
#00BA38	10	66.3	English	#00BA38
#00BA38	8	68.3	English	#00BA38
#00BA38	13	80.8	English	#00BA38
#00BA38	12	93.1	English	#00BA38
#00BA38	16	64.7	English	#00BA38
#00BA38	14	71.1	English	#00BA38
#00BA38	13	72.6	English	#00BA38
#00BA38	14	70.9	English	#00BA38
#00BA38	18	71.4	English	#00BA38
#00BA38	20	89.1	English	#00BA38
#00BFC4	13	75.2	History	#00BFC4
#00BFC4	17	79.6	History	#00BFC4
#00BFC4	9	61.8	History	#00BFC4
#00BFC4	18	74.1	History	#00BFC4
#00BFC4	15	77.8	History	#00BFC4
#00BFC4	24	81.7	History	#00BFC4
#00BFC4	14	71.3	History	#00BFC4
#00BFC4	14	70.2	History	#00BFC4
#00BFC4	10	62	History	#00BFC4
#00BFC4	10	62.3	History	#00BFC4
#00BFC4	10	56.8	History	#00BFC4
#00BFC4	12	79.1	History	#00BFC4
#00BFC4	19	76.7	History	#00BFC4
#00BFC4	18	73.5	History	#00BFC4
#00BFC4	3	51	History	#00BFC4
#00BFC4	13	71.8	History	#00BFC4
#00BFC4	14	65.9	History	#00BFC4
#00BFC4	19	73.6	History	#00BFC4
#00BFC4	7	47.9	History	#00BFC4
#00BFC4	6	45.4	History	#00BFC4
#00BFC4	27	93.1	History	#00BFC4
#00BFC4	9	75.6	History	#00BFC4
#00BFC4	11	76.5	History	#00BFC4
#00BFC4	15	66.8	History	#00BFC4
#00BFC4	13	73.9	History	#00BFC4
#00BFC4	10	64.3	History	#00BFC4
#00BFC4	14	70.9	History	#00BFC4
#00BFC4	14	79.3	History	#00BFC4
#00BFC4	4	49.7	History	#00BFC4
#00BFC4	15	71.4	History	#00BFC4
#00BFC4	12	59.8	History	#00BFC4
#00BFC4	10	68.3	History	#00BFC4
#00BFC4	9	65.4	History	#00BFC4
#00BFC4	22	84	History	#00BFC4
#00BFC4	12	66.3	History	#00BFC4
#00BFC4	17	70.4	History	#00BFC4
#00BFC4	13	72.4	History	#00BFC4
#00BFC4	12	62.5	History	#00BFC4
#00BFC4	10	61.2	History	#00BFC4
#00BFC4	18	67.5	History	#00BFC4
#00BFC4	11	70.8	History	#00BFC4
#00BFC4	14	72.9	History	#00BFC4
#00BFC4	16	80.2	History	#00BFC4
#00BFC4	19	94.2	History	#00BFC4
#00BFC4	10	55.3	History	#00BFC4
#00BFC4	8	71.8	History	#00BFC4
#00BFC4	14	68.3	History	#00BFC4
#00BFC4	17	69.1	History	#00BFC4
#00BFC4	14	77.6	History	#00BFC4
#00BFC4	20	91.9	History	#00BFC4
#619CFF	20	77.1	Mathematics	#619CFF
#619CFF	15	75	Mathematics	#619CFF
#619CFF	2	52.8	Mathematics	#619CFF
#619CFF	13	62.4	Mathematics	#619CFF
#619CFF	11	71.7	Mathematics	#619CFF
#619CFF	15	77.4	Mathematics	#619CFF
#619CFF	14	76.4	Mathematics	#619CFF
#619CFF	11	62.6	Mathematics	#619CFF
#619CFF	7	53.7	Mathematics	#619CFF
#619CFF	7	52.3	Mathematics	#619CFF
#619CFF	2	42.5	Mathematics	#619CFF
#619CFF	10	66.2	Mathematics	#619CFF
#619CFF	13	66	Mathematics	#619CFF
#619CFF	11	59.6	Mathematics	#619CFF
#619CFF	5	32.1	Mathematics	#619CFF
#619CFF	13	69.4	Mathematics	#619CFF
#619CFF	10	53.5	Mathematics	#619CFF
#619CFF	13	66.5	Mathematics	#619CFF
#619CFF	3	47.2	Mathematics	#619CFF
#619CFF	8	49.7	Mathematics	#619CFF
#619CFF	16	76	Mathematics	#619CFF
#619CFF	12	71.4	Mathematics	#619CFF
#619CFF	14	87.6	Mathematics	#619CFF
#619CFF	12	67.9	Mathematics	#619CFF
#619CFF	6	69.3	Mathematics	#619CFF
#619CFF	4	56.6	Mathematics	#619CFF
#619CFF	7	62.4	Mathematics	#619CFF
#619CFF	14	74.3	Mathematics	#619CFF
#619CFF	2	40.9	Mathematics	#619CFF
#619CFF	11	58.4	Mathematics	#619CFF
#619CFF	10	49	Mathematics	#619CFF
#619CFF	9	55.4	Mathematics	#619CFF
#619CFF	14	65.8	Mathematics	#619CFF
#619CFF	23	73.5	Mathematics	#619CFF
#619CFF	13	71.2	Mathematics	#619CFF
#619CFF	16	75.6	Mathematics	#619CFF
#619CFF	16	78.4	Mathematics	#619CFF
#619CFF	8	50.1	Mathematics	#619CFF
#619CFF	7	57.3	Mathematics	#619CFF
#619CFF	8	72.5	Mathematics	#619CFF
#619CFF	6	56.4	Mathematics	#619CFF
#619CFF	8	52.6	Mathematics	#619CFF
#619CFF	14	73.2	Mathematics	#619CFF
#619CFF	14	79.6	Mathematics	#619CFF
#619CFF	12	55	Mathematics	#619CFF
#619CFF	9	76.6	Mathematics	#619CFF
#619CFF	13	71.1	Mathematics	#619CFF
#619CFF	10	65.6	Mathematics	#619CFF
#619CFF	13	73.8	Mathematics	#619CFF
#619CFF	18	81.2	Mathematics	#619CFF
#F564E3	22	81.4	Physics	#F564E3
#F564E3	21	76.7	Physics	#F564E3
#F564E3	16	64.1	Physics	#F564E3
#F564E3	15	76.1	Physics	#F564E3
#F564E3	13	80.7	Physics	#F564E3
#F564E3	20	83.6	Physics	#F564E3
#F564E3	9	77.1	Physics	#F564E3
#F564E3	12	75.5	Physics	#F564E3
#F564E3	12	60.9	Physics	#F564E3
#F564E3	11	57.5	Physics	#F564E3
#F564E3	5	52.5	Physics	#F564E3
#F564E3	17	71.1	Physics	#F564E3
#F564E3	20	82.2	Physics	#F564E3
#F564E3	15	70.5	Physics	#F564E3
#F564E3	4	33.9	Physics	#F564E3
#F564E3	9	66.3	Physics	#F564E3
#F564E3	9	53.7	Physics	#F564E3
#F564E3	12	75.3	Physics	#F564E3
#F564E3	7	50.7	Physics	#F564E3
#F564E3	5	40.4	Physics	#F564E3
#F564E3	18	80.1	Physics	#F564E3
#F564E3	17	73.9	Physics	#F564E3
#F564E3	13	73.1	Physics	#F564E3
#F564E3	14	64.6	Physics	#F564E3
#F564E3	13	64.3	Physics	#F564E3
#F564E3	2	47.8	Physics	#F564E3
#F564E3	14	70.4	Physics	#F564E3
#F564E3	8	67.8	Physics	#F564E3
#F564E3	9	47.4	Physics	#F564E3
#F564E3	14	71.4	Physics	#F564E3
#F564E3	5	51.7	Physics	#F564E3
#F564E3	9	62.5	Physics	#F564E3
#F564E3	7	57.3	Physics	#F564E3
#F564E3	22	81.5	Physics	#F564E3
#F564E3	12	57.6	Physics	#F564E3
#F564E3	10	70.5	Physics	#F564E3
#F564E3	16	71.7	Physics	#F564E3
#F564E3	7	60.2	Physics	#F564E3
#F564E3	9	59.4	Physics	#F564E3
#F564E3	13	77.7	Physics	#F564E3
#F564E3	6	65.9	Physics	#F564E3
#F564E3	9	79.1	Physics	#F564E3
#F564E3	18	69.7	Physics	#F564E3
#F564E3	23	90.1	Physics	#F564E3
#F564E3	8	57.8	Physics	#F564E3
#F564E3	11	65	Physics	#F564E3
#F564E3	15	68.3	Physics	#F564E3
#F564E3	16	74.6	Physics	#F564E3
#F564E3	15	71.4	Physics	#F564E3
#F564E3	19	88.2	Physics	#F564E3
#B79F00	11	74.5	Chemistry	#B79F00
#B79F00	12	85.5	Chemistry	#B79F00
#B79F00	11	60.8	Chemistry	#B79F00
#B79F00	18	69.8	Chemistry	#B79F00
#B79F00	13	79.2	Chemistry	#B79F00
#B79F00	21	86.1	Chemistry	#B79F00
#B79F00	19	83.7	Chemistry	#B79F00
#B79F00	13	73.2	Chemistry	#B79F00
#B79F00	6	52.7	Chemistry	#B79F00
#B79F00	9	57.6	Chemistry	#B79F00
#B79F00	2	47.7	Chemistry	#B79F00
#B79F00	19	65.8	Chemistry	#B79F00
#B79F00	14	86.5	Chemistry	#B79F00
#B79F00	16	73.1	Chemistry	#B79F00
#B79F00	4	36.7	Chemistry	#B79F00
#B79F00	11	63.9	Chemistry	#B79F00
#B79F00	11	60.4	Chemistry	#B79F00
#B79F00	13	72.4	Chemistry	#B79F00
#B79F00	7	45.5	Chemistry	#B79F00
#B79F00	2	43.6	Chemistry	#B79F00
#B79F00	16	78.7	Chemistry	#B79F00
#B79F00	16	67.1	Chemistry	#B79F00
#B79F00	16	86.7	Chemistry	#B79F00
#B79F00	10	60.3	Chemistry	#B79F00
#B79F00	11	68	Chemistry	#B79F00
#B79F00	6	50.7	Chemistry	#B79F00
#B79F00	14	66	Chemistry	#B79F00
#B79F00	18	70.1	Chemistry	#B79F00
#B79F00	6	46.8	Chemistry	#B79F00
#B79F00	10	66.6	Chemistry	#B79F00
#B79F00	7	49.4	Chemistry	#B79F00
#B79F00	17	69.1	Chemistry	#B79F00
#B79F00	9	60.3	Chemistry	#B79F00
#B79F00	13	76.7	Chemistry	#B79F00
#B79F00	8	58	Chemistry	#B79F00
#B79F00	14	70.5	Chemistry	#B79F00
#B79F00	13	67.1	Chemistry	#B79F00
#B79F00	12	59.9	Chemistry	#B79F00
#B79F00	9	61.2	Chemistry	#B79F00
#B79F00	14	72.7	Chemistry	#B79F00
#B79F00	12	60.5	Chemistry	#B79F00
#B79F00	18	72.6	Chemistry	#B79F00
#B79F00	24	79.4	Chemistry	#B79F00
#B79F00	17	87.7	Chemistry	#B79F00
#B79F00	3	58.3	Chemistry	#B79F00
#B79F00	14	70.9	Chemistry	#B79F00
#B79F00	9	65.9	Chemistry	#B79F00
#B79F00	16	76.7	Chemistry	#B79F00
#B79F00	9	72.8	Chemistry	#B79F00
#B79F00	23	94.9	Chemistry	#B79F00
#F8766D	15	78.6	Biology	#F8766D
#F8766D	8	79.9	Biology	#F8766D
#F8766D	8	65.9	Biology	#F8766D
#F8766D	4	55.7	Biology	#F8766D
#F8766D	19	86.8	Biology	#F8766D
#F8766D	18	91.1	Biology	#F8766D
#F8766D	10	70	Biology	#F8766D
#F8766D	9	61	Biology	#F8766D
#F8766D	6	55.6	Biology	#F8766D
#F8766D	5	55	Biology	#F8766D
#F8766D	14	65.8	Biology	#F8766D
#F8766D	14	75.5	Biology	#F8766D
#F8766D	17	76.9	Biology	#F8766D
#F8766D	20	80.8	Biology	#F8766D
#F8766D	5	35.3	Biology	#F8766D
#F8766D	6	68.9	Biology	#F8766D
#F8766D	12	62.7	Biology	#F8766D
#F8766D	13	70.8	Biology	#F8766D
#F8766D	8	53.5	Biology	#F8766D
#F8766D	7	51.5	Biology	#F8766D
#F8766D	18	82.4	Biology	#F8766D
#F8766D	20	77.5	Biology	#F8766D
#F8766D	21	82.8	Biology	#F8766D
#F8766D	21	69.1	Biology	#F8766D
#F8766D	16	69.9	Biology	#F8766D
#F8766D	7	57.8	Biology	#F8766D
#F8766D	6	73.5	Biology	#F8766D
#F8766D	18	76.3	Biology	#F8766D
#F8766D	9	43.9	Biology	#F8766D
#F8766D	15	68.2	Biology	#F8766D
#F8766D	10	54.2	Biology	#F8766D
#F8766D	13	69.2	Biology	#F8766D
#F8766D	13	66	Biology	#F8766D
#F8766D	14	75.2	Biology	#F8766D
#F8766D	18	75.6	Biology	#F8766D
#F8766D	14	67.3	Biology	#F8766D
#F8766D	13	73.8	Biology	#F8766D
#F8766D	20	72	Biology	#F8766D
#F8766D	13	56.7	Biology	#F8766D
#F8766D	14	75.9	Biology	#F8766D
#F8766D	10	65.3	Biology	#F8766D
#F8766D	12	68.7	Biology	#F8766D
#F8766D	8	68.1	Biology	#F8766D
#F8766D	21	86.2	Biology	#F8766D
#F8766D	10	63	Biology	#F8766D
#F8766D	14	69.1	Biology	#F8766D
#F8766D	9	71.8	Biology	#F8766D
#F8766D	14	77.8	Biology	#F8766D
#F8766D	13	81.1	Biology	#F8766D
#F8766D	14	88.2	Biology	#F8766D
#00BA38	21	87.9	English	#00BA38
#00BA38	14	71.7	English	#00BA38
#00BA38	14	72.2	English	#00BA38
#00BA38	16	80.9	English	#00BA38
#00BA38	22	84.3	English	#00BA38
#00BA38	20	87	English	#00BA38
#00BA38	12	77.9	English	#00BA38
#00BA38	18	81.9	English	#00BA38
#00BA38	8	57.3	English	#00BA38
#00BA38	9	58.9	English	#00BA38
#00BA38	6	53	English	#00BA38
#00BA38	15	74	English	#00BA38
#00BA38	20	82	English	#00BA38
#00BA38	26	86.6	English	#00BA38
#00BA38	8	43.6	English	#00BA38
#00BA38	15	68.7	English	#00BA38
#00BA38	11	63.3	English	#00BA38
#00BA38	18	73.3	English	#00BA38
#00BA38	14	56.9	English	#00BA38
#00BA38	10	57.1	English	#00BA38
#00BA38	20	80.1	English	#00BA38
#00BA38	8	66	English	#00BA38
#00BA38	18	81.7	English	#00BA38
#00BA38	14	68.9	English	#00BA38
#00BA38	14	75.5	English	#00BA38
#00BA38	14	62.3	English	#00BA38
#00BA38	14	74.9	English	#00BA38
#00BA38	13	77.4	English	#00BA38
#00BA38	13	57.1	English	#00BA38
#00BA38	15	74.3	English	#00BA38
#00BA38	12	55	English	#00BA38
#00BA38	13	78.1	English	#00BA38
#00BA38	14	68.4	English	#00BA38
#00BA38	19	81.1	English	#00BA38
#00BA38	10	64.8	English	#00BA38
#00BA38	19	79.6	English	#00BA38
#00BA38	14	69.7	English	#00BA38
#00BA38	14	66.7	English	#00BA38
#00BA38	4	62.2	English	#00BA38
#00BA38	16	82.4	English	#00BA38
#00BA38	8	65.6	English	#00BA38
#00BA38	19	84.1	English	#00BA38
#00BA38	21	77.3	English	#00BA38
#00BA38	28	91.1	English	#00BA38
#00BA38	8	51.9	English	#00BA38
#00BA38	17	64.9	English	#00BA38
#00BA38	17	76.4	English	#00BA38
#00BA38	21	80.5	English	#00BA38
#00BA38	20	81.5	English	#00BA38
#00BA38	14	87.2	English	#00BA38
#00BFC4	20	95.5	History	#00BFC4
#00BFC4	14	76.8	History	#00BFC4
#00BFC4	17	75.5	History	#00BFC4
#00BFC4	11	65.6	History	#00BFC4
#00BFC4	18	83.1	History	#00BFC4
#00BFC4	21	86.1	History	#00BFC4
#00BFC4	20	84.5	History	#00BFC4
#00BFC4	12	70.5	History	#00BFC4
#00BFC4	14	69.2	History	#00BFC4
#00BFC4	17	68.7	History	#00BFC4
#00BFC4	13	58.6	History	#00BFC4
#00BFC4	19	84.6	History	#00BFC4
#00BFC4	13	80.5	History	#00BFC4
#00BFC4	16	72.4	History	#00BFC4
#00BFC4	7	39.3	History	#00BFC4
#00BFC4	17	69.7	History	#00BFC4
#00BFC4	16	72.6	History	#00BFC4
#00BFC4	20	74.7	History	#00BFC4
#00BFC4	9	60.1	History	#00BFC4
#00BFC4	15	54.9	History	#00BFC4
#00BFC4	22	88.5	History	#00BFC4
#00BFC4	14	71.9	History	#00BFC4
#00BFC4	21	93.9	History	#00BFC4
#00BFC4	16	79.9	History	#00BFC4
#00BFC4	12	63.5	History	#00BFC4
#00BFC4	8	59.3	History	#00BFC4
#00BFC4	16	79.4	History	#00BFC4
#00BFC4	18	87.2	History	#00BFC4
#00BFC4	13	54.6	History	#00BFC4
#00BFC4	14	71.8	History	#00BFC4
#00BFC4	11	58.9	History	#00BFC4
#00BFC4	11	63.9	History	#00BFC4
#00BFC4	11	64	History	#00BFC4
#00BFC4	15	81.4	History	#00BFC4
#00BFC4	13	75.6	History	#00BFC4
#00BFC4	18	79.7	History	#00BFC4
#00BFC4	16	78.5	History	#00BFC4
#00BFC4	13	66.4	History	#00BFC4
#00BFC4	12	61	History	#00BFC4
#00BFC4	12	77.1	History	#00BFC4
#00BFC4	12	59.1	History	#00BFC4
#00BFC4	19	69	History	#00BFC4
#00BFC4	18	79.2	History	#00BFC4
#00BFC4	17	100	History	#00BFC4
#00BFC4	6	58.2	History	#00BFC4
#00BFC4	11	76.8	History	#00BFC4
#00BFC4	11	66.8	History	#00BFC4
#00BFC4	18	84.2	History	#00BFC4
#00BFC4	16	81.6	History	#00BFC4
#00BFC4	23	95.6	History	#00BFC4
#619CFF	11	68.6	Mathematics	#619CFF
#619CFF	10	69.2	Mathematics	#619CFF
#619CFF	6	60.4	Mathematics	#619CFF
#619CFF	5	54	Mathematics	#619CFF
#619CFF	13	66.5	Mathematics	#619CFF
#619CFF	13	73.1	Mathematics	#619CFF
#619CFF	5	63.4	Mathematics	#619CFF
#619CFF	10	68.2	Mathematics	#619CFF
#619CFF	6	57.5	Mathematics	#619CFF
#619CFF	8	53.2	Mathematics	#619CFF
#619CFF	7	46.1	Mathematics	#619CFF
#619CFF	15	71.9	Mathematics	#619CFF
#619CFF	19	81.5	Mathematics	#619CFF
#619CFF	16	68.3	Mathematics	#619CFF
#619CFF	2	34.5	Mathematics	#619CFF
#619CFF	9	68.6	Mathematics	#619CFF
#619CFF	10	59.5	Mathematics	#619CFF
#619CFF	15	71.9	Mathematics	#619CFF
#619CFF	12	54.4	Mathematics	#619CFF
#619CFF	2	38	Mathematics	#619CFF
#619CFF	18	82.4	Mathematics	#619CFF
#619CFF	16	70.5	Mathematics	#619CFF
#619CFF	20	81.4	Mathematics	#619CFF
#619CFF	10	66.3	Mathematics	#619CFF
#619CFF	20	73.1	Mathematics	#619CFF
#619CFF	7	47.8	Mathematics	#619CFF
#619CFF	12	69.7	Mathematics	#619CFF
#619CFF	20	73.3	Mathematics	#619CFF
#619CFF	2	36.2	Mathematics	#619CFF
#619CFF	13	63.3	Mathematics	#619CFF
#619CFF	11	58.9	Mathematics	#619CFF
#619CFF	9	58	Mathematics	#619CFF
#619CFF	11	60.5	Mathematics	#619CFF
#619CFF	18	85.8	Mathematics	#619CFF
#619CFF	4	57.2	Mathematics	#619CFF
#619CFF	12	65.9	Mathematics	#619CFF
#619CFF	13	63.6	Mathematics	#619CFF
#619CFF	10	68	Mathematics	#619CFF
#619CFF	4	61.8	Mathematics	#619CFF
#619CFF	16	69.9	Mathematics	#619CFF
#619CFF	11	56	Mathematics	#619CFF
#619CFF	12	74.1	Mathematics	#619CFF
#619CFF	14	65.9	Mathematics	#619CFF
#619CFF	24	91.6	Mathematics	#619CFF
#619CFF	6	54	Mathematics	#619CFF
#619CFF	10	72.7	Mathematics	#619CFF
#619CFF	6	69.8	Mathematics	#619CFF
#619CFF	16	70.5	Mathematics	#619CFF
#619CFF	18	77.4	Mathematics	#619CFF
#619CFF	21	83	Mathematics	#619CFF
#F564E3	20	81.4	Physics	#F564E3
#F564E3	21	82.8	Physics	#F564E3
#F564E3	10	62.8	Physics	#F564E3
#F564E3	10	63.6	Physics	#F564E3
#F564E3	13	75.9	Physics	#F564E3
#F564E3	13	77.8	Physics	#F564E3
#F564E3	18	78.6	Physics	#F564E3
#F564E3	15	61.9	Physics	#F564E3
#F564E3	8	55.8	Physics	#F564E3
#F564E3	8	49.3	Physics	#F564E3
#F564E3	9	47.5	Physics	#F564E3
#F564E3	11	75	Physics	#F564E3
#F564E3	18	84.8	Physics	#F564E3
#F564E3	13	76	Physics	#F564E3
#F564E3	2	39.9	Physics	#F564E3
#F564E3	10	69.1	Physics	#F564E3
#F564E3	14	66.5	Physics	#F564E3
#F564E3	12	74.9	Physics	#F564E3
#F564E3	8	55.9	Physics	#F564E3
#F564E3	10	52.7	Physics	#F564E3
#F564E3	17	84.4	Physics	#F564E3
#F564E3	12	68	Physics	#F564E3
#F564E3	14	75.6	Physics	#F564E3
#F564E3	11	65.6	Physics	#F564E3
#F564E3	25	84.3	Physics	#F564E3
#F564E3	4	51.4	Physics	#F564E3
#F564E3	12	60.9	Physics	#F564E3
#F564E3	17	74.4	Physics	#F564E3
#F564E3	2	37.2	Physics	#F564E3
#F564E3	14	66.5	Physics	#F564E3
#F564E3	10	57.6	Physics	#F564E3
#F564E3	14	74.7	Physics	#F564E3
#F564E3	18	68.7	Physics	#F564E3
#F564E3	16	78.4	Physics	#F564E3
#F564E3	13	65	Physics	#F564E3
#F564E3	13	76.9	Physics	#F564E3
#F564E3	15	80.3	Physics	#F564E3
#F564E3	9	62.9	Physics	#F564E3
#F564E3	10	59.8	Physics	#F564E3
#F564E3	17	78.6	Physics	#F564E3
#F564E3	10	61.1	Physics	#F564E3
#F564E3	17	76	Physics	#F564E3
#F564E3	15	66	Physics	#F564E3
#F564E3	21	91.8	Physics	#F564E3
#F564E3	4	56.2	Physics	#F564E3
#F564E3	14	72.6	Physics	#F564E3
#F564E3	13	71.8	Physics	#F564E3
#F564E3	11	66.4	Physics	#F564E3
#F564E3	10	80.5	Physics	#F564E3
#F564E3	18	91.8	Physics	#F564E3
#B79F00	14	77	Chemistry	#B79F00
#B79F00	14	70.1	Chemistry	#B79F00
#B79F00	15	69.1	Chemistry	#B79F00
#B79F00	15	69.6	Chemistry	#B79F00
#B79F00	18	82.1	Chemistry	#B79F00
#B79F00	19	86.3	Chemistry	#B79F00
#B79F00	15	73.1	Chemistry	#B79F00
#B79F00	9	65.8	Chemistry	#B79F00
#B79F00	7	55.5	Chemistry	#B79F00
#B79F00	10	53.2	Chemistry	#B79F00
#B79F00	7	52.7	Chemistry	#B79F00
#B79F00	13	78.1	Chemistry	#B79F00
#B79F00	15	71.9	Chemistry	#B79F00
#B79F00	4	67.2	Chemistry	#B79F00
#B79F00	2	31.8	Chemistry	#B79F00
#B79F00	14	72	Chemistry	#B79F00
#B79F00	10	63.2	Chemistry	#B79F00
#B79F00	18	80.7	Chemistry	#B79F00
#B79F00	8	47.6	Chemistry	#B79F00
#B79F00	2	47.7	Chemistry	#B79F00
#B79F00	17	84	Chemistry	#B79F00
#B79F00	15	78.5	Chemistry	#B79F00
#B79F00	21	80.1	Chemistry	#B79F00
#B79F00	14	70.5	Chemistry	#B79F00
#B79F00	11	75.1	Chemistry	#B79F00
#B79F00	7	45.6	Chemistry	#B79F00
#B79F00	13	65.2	Chemistry	#B79F00
#B79F00	19	82.3	Chemistry	#B79F00
#B79F00	4	50.4	Chemistry	#B79F00
#B79F00	10	60.6	Chemistry	#B79F00
#B79F00	8	53.2	Chemistry	#B79F00
#B79F00	5	62.5	Chemistry	#B79F00
#B79F00	6	68.7	Chemistry	#B79F00
#B79F00	16	88	Chemistry	#B79F00
#B79F00	11	59	Chemistry	#B79F00
#B79F00	8	74.6	Chemistry	#B79F00
#B79F00	21	72.2	Chemistry	#B79F00
#B79F00	19	72.6	Chemistry	#B79F00
#B79F00	3	60.6	Chemistry	#B79F00
#B79F00	22	78	Chemistry	#B79F00
#B79F00	8	59.8	Chemistry	#B79F00
#B79F00	13	66	Chemistry	#B79F00
#B79F00	16	75.5	Chemistry	#B79F00
#B79F00	14	91.4	Chemistry	#B79F00
#B79F00	9	56.8	Chemistry	#B79F00
#B79F00	15	70.9	Chemistry	#B79F00
#B79F00	6	66.4	Chemistry	#B79F00
#B79F00	13	70.6	Chemistry	#B79F00
#B79F00	20	75.8	Chemistry	#B79F00
#B79F00	20	93	Chemistry	#B79F00
#F8766D	16	78.2	Biology	#F8766D
#F8766D	15	73.6	Biology	#F8766D
#F8766D	12	67.7	Biology	#F8766D
#F8766D	15	69.6	Biology	#F8766D
#F8766D	13	83.9	Biology	#F8766D
#F8766D	23	80.6	Biology	#F8766D
#F8766D	17	84.4	Biology	#F8766D
#F8766D	11	65.1	Biology	#F8766D
#F8766D	14	64.7	Biology	#F8766D
#F8766D	17	74.6	Biology	#F8766D
#F8766D	5	45	Biology	#F8766D
#F8766D	15	79	Biology	#F8766D
#F8766D	20	84.7	Biology	#F8766D
#F8766D	18	77.1	Biology	#F8766D
#F8766D	2	39.7	Biology	#F8766D
#F8766D	12	68.1	Biology	#F8766D
#F8766D	10	58.6	Biology	#F8766D
#F8766D	17	70.7	Biology	#F8766D
#F8766D	5	51	Biology	#F8766D
#F8766D	8	56.3	Biology	#F8766D
#F8766D	21	87.2	Biology	#F8766D
#F8766D	20	78.1	Biology	#F8766D
#F8766D	14	82.7	Biology	#F8766D
#F8766D	11	64.9	Biology	#F8766D
#F8766D	16	76.4	Biology	#F8766D
#F8766D	14	53	Biology	#F8766D
#F8766D	18	79.7	Biology	#F8766D
#F8766D	21	81.5	Biology	#F8766D
#F8766D	5	58	Biology	#F8766D
#F8766D	16	70.9	Biology	#F8766D
#F8766D	10	60.2	Biology	#F8766D
#F8766D	13	68	Biology	#F8766D
#F8766D	14	70.8	Biology	#F8766D
#F8766D	13	90.3	Biology	#F8766D
#F8766D	8	67.5	Biology	#F8766D
#F8766D	16	69	Biology	#F8766D
#F8766D	22	75.9	Biology	#F8766D
#F8766D	13	64.6	Biology	#F8766D
#F8766D	10	64.5	Biology	#F8766D
#F8766D	11	76.5	Biology	#F8766D
#F8766D	11	59.8	Biology	#F8766D
#F8766D	11	73	Biology	#F8766D
#F8766D	14	80.8	Biology	#F8766D
#F8766D	21	91.9	Biology	#F8766D
#F8766D	10	61.4	Biology	#F8766D
#F8766D	12	73.9	Biology	#F8766D
#F8766D	13	69.4	Biology	#F8766D
#F8766D	12	78.4	Biology	#F8766D
#F8766D	17	81.9	Biology	#F8766D
#F8766D	26	98.8	Biology	#F8766D
#00BA38	16	85.2	English	#00BA38
#00BA38	17	77.9	English	#00BA38
#00BA38	15	68.5	English	#00BA38
#00BA38	17	69.6	English	#00BA38
#00BA38	15	85.2	English	#00BA38
#00BA38	21	90	English	#00BA38
#00BA38	16	74.8	English	#00BA38
#00BA38	17	70.3	English	#00BA38
#00BA38	13	59.6	English	#00BA38
#00BA38	6	63.8	English	#00BA38
#00BA38	10	58.8	English	#00BA38
#00BA38	16	78	English	#00BA38
#00BA38	15	78.2	English	#00BA38
#00BA38	11	74.5	English	#00BA38
#00BA38	5	43.2	English	#00BA38
#00BA38	12	59.8	English	#00BA38
#00BA38	12	64.7	English	#00BA38
#00BA38	6	72.8	English	#00BA38
#00BA38	17	64.4	English	#00BA38
#00BA38	4	54.7	English	#00BA38
#00BA38	21	86.3	English	#00BA38
#00BA38	10	66.9	English	#00BA38
#00BA38	20	90.4	English	#00BA38
#00BA38	16	75.3	English	#00BA38
#00BA38	16	77.4	English	#00BA38
#00BA38	12	54.9	English	#00BA38
#00BA38	15	69.7	English	#00BA38
#00BA38	15	86.2	English	#00BA38
#00BA38	13	57.1	English	#00BA38
#00BA38	16	75.9	English	#00BA38
#00BA38	11	61.2	English	#00BA38
#00BA38	18	68.4	English	#00BA38
#00BA38	13	67	English	#00BA38
#00BA38	17	89.3	English	#00BA38
#00BA38	14	63.4	English	#00BA38
#00BA38	20	75.6	English	#00BA38
#00BA38	17	77.1	English	#00BA38
#00BA38	15	71.1	English	#00BA38
#00BA38	9	62.7	English	#00BA38
#00BA38	17	77.9	English	#00BA38
#00BA38	17	73.8	English	#00BA38
#00BA38	12	64.9	English	#00BA38
#00BA38	11	70.7	English	#00BA38
#00BA38	22	92.3	English	#00BA38
#00BA38	13	67.4	English	#00BA38
#00BA38	17	76	English	#00BA38
#00BA38	14	71.1	English	#00BA38
#00BA38	12	81.8	English	#00BA38
#00BA38	20	81.8	English	#00BA38
#00BA38	18	90.4	English	#00BA38
#00BFC4	18	79.2	History	#00BFC4
#00BFC4	24	85.7	History	#00BFC4
#00BFC4	12	72.8	History	#00BFC4
#00BFC4	16	76.9	History	#00BFC4
#00BFC4	16	86.1	History	#00BFC4
#00BFC4	18	85.8	History	#00BFC4
#00BFC4	18	82.2	History	#00BFC4
#00BFC4	14	71	History	#00BFC4
#00BFC4	7	57	History	#00BFC4
#00BFC4	10	66.5	History	#00BFC4
#00BFC4	13	69	History	#00BFC4
#00BFC4	14	72.4	History	#00BFC4
#00BFC4	21	79.8	History	#00BFC4
#00BFC4	12	72.1	History	#00BFC4
#00BFC4	3	45	History	#00BFC4
#00BFC4	19	80.4	History	#00BFC4
#00BFC4	17	74.3	History	#00BFC4
#00BFC4	18	81.3	History	#00BFC4
#00BFC4	6	55.2	History	#00BFC4
#00BFC4	8	56.4	History	#00BFC4
#00BFC4	17	84.6	History	#00BFC4
#00BFC4	17	78.7	History	#00BFC4
#00BFC4	26	99	History	#00BFC4
#00BFC4	17	77.4	History	#00BFC4
#00BFC4	17	77.8	History	#00BFC4
#00BFC4	12	69.6	History	#00BFC4
#00BFC4	15	79.9	History	#00BFC4
#00BFC4	15	82.4	History	#00BFC4
#00BFC4	3	54.7	History	#00BFC4
#00BFC4	16	78.5	History	#00BFC4
#00BFC4	8	56.2	History	#00BFC4
#00BFC4	8	72.6	History	#00BFC4
#00BFC4	9	67.6	History	#00BFC4
#00BFC4	21	82.1	History	#00BFC4
#00BFC4	4	64.1	History	#00BFC4
#00BFC4	18	85.8	History	#00BFC4
#00BFC4	13	74.4	History	#00BFC4
#00BFC4	10	72.6	History	#00BFC4
#00BFC4	15	73.2	History	#00BFC4
#00BFC4	16	83	History	#00BFC4
#00BFC4	15	64.2	History	#00BFC4
#00BFC4	15	67.8	History	#00BFC4
#00BFC4	10	88	History	#00BFC4
#00BFC4	21	99.1	History	#00BFC4
#00BFC4	11	67.5	History	#00BFC4
#00BFC4	15	81.6	History	#00BFC4
#00BFC4	15	77.6	History	#00BFC4
#00BFC4	18	82.2	History	#00BFC4
#00BFC4	16	84.7	History	#00BFC4
#00BFC4	30	100	History	#00BFC4
#619CFF	23	87.9	Mathematics	#619CFF
#619CFF	18	82.6	Mathematics	#619CFF
#619CFF	13	60	Mathematics	#619CFF
#619CFF	4	61.4	Mathematics	#619CFF
#619CFF	18	89.5	Mathematics	#619CFF
#619CFF	15	78.7	Mathematics	#619CFF
#619CFF	16	71	Mathematics	#619CFF
#619CFF	10	72	Mathematics	#619CFF
#619CFF	10	61.6	Mathematics	#619CFF
#619CFF	11	63	Mathematics	#619CFF
#619CFF	12	52.4	Mathematics	#619CFF
#619CFF	18	74.6	Mathematics	#619CFF
#619CFF	17	84.7	Mathematics	#619CFF
#619CFF	17	71.8	Mathematics	#619CFF
#619CFF	2	33.1	Mathematics	#619CFF
#619CFF	10	69.1	Mathematics	#619CFF
#619CFF	7	57.6	Mathematics	#619CFF
#619CFF	11	60.1	Mathematics	#619CFF
#619CFF	5	56.7	Mathematics	#619CFF
#619CFF	11	50.8	Mathematics	#619CFF
#619CFF	18	80.3	Mathematics	#619CFF
#619CFF	10	63.3	Mathematics	#619CFF
#619CFF	18	76.7	Mathematics	#619CFF
#619CFF	10	71.3	Mathematics	#619CFF
#619CFF	14	72.1	Mathematics	#619CFF
#619CFF	10	57.2	Mathematics	#619CFF
#619CFF	16	77.2	Mathematics	#619CFF
#619CFF	12	76.4	Mathematics	#619CFF
#619CFF	3	47.4	Mathematics	#619CFF
#619CFF	16	66.3	Mathematics	#619CFF
#619CFF	8	59.3	Mathematics	#619CFF
#619CFF	10	68.6	Mathematics	#619CFF
#619CFF	11	62.9	Mathematics	#619CFF
#619CFF	15	78.4	Mathematics	#619CFF
#619CFF	11	65.1	Mathematics	#619CFF
#619CFF	17	76.1	Mathematics	#619CFF
#619CFF	18	75.9	Mathematics	#619CFF
#619CFF	17	64.1	Mathematics	#619CFF
#619CFF	5	56.2	Mathematics	#619CFF
#619CFF	10	70	Mathematics	#619CFF
#619CFF	6	54.4	Mathematics	#619CFF
#619CFF	13	67.7	Mathematics	#619CFF
#619CFF	14	76.6	Mathematics	#619CFF
#619CFF	21	88	Mathematics	#619CFF
#619CFF	9	49.9	Mathematics	#619CFF
#619CFF	17	70.5	Mathematics	#619CFF
#619CFF	8	57.6	Mathematics	#619CFF
#619CFF	10	73.4	Mathematics	#619CFF
#619CFF	15	79.9	Mathematics	#619CFF
#619CFF	22	91	Mathematics	#619CFF
#F564E3	17	84.9	Physics	#F564E3
#F564E3	19	83.4	Physics	#F564E3
#F564E3	17	69.8	Physics	#F564E3
#F564E3	12	74	Physics	#F564E3
#F564E3	16	81.7	Physics	#F564E3
#F564E3	19	82.4	Physics	#F564E3
#F564E3	20	73.6	Physics	#F564E3
#F564E3	10	70.9	Physics	#F564E3
#F564E3	14	61.8	Physics	#F564E3
#F564E3	5	57.3	Physics	#F564E3
#F564E3	5	56.1	Physics	#F564E3
#F564E3	14	71.1	Physics	#F564E3
#F564E3	18	91.4	Physics	#F564E3
#F564E3	16	81.2	Physics	#F564E3
#F564E3	5	35.3	Physics	#F564E3
#F564E3	9	68.7	Physics	#F564E3
#F564E3	9	56.3	Physics	#F564E3
#F564E3	17	68.2	Physics	#F564E3
#F564E3	8	53.9	Physics	#F564E3
#F564E3	5	56.9	Physics	#F564E3
#F564E3	24	85.9	Physics	#F564E3
#F564E3	17	70.2	Physics	#F564E3
#F564E3	22	80.7	Physics	#F564E3
#F564E3	14	62.7	Physics	#F564E3
#F564E3	16	69.2	Physics	#F564E3
#F564E3	8	60.3	Physics	#F564E3
#F564E3	12	72.1	Physics	#F564E3
#F564E3	20	76.2	Physics	#F564E3
#F564E3	5	56.8	Physics	#F564E3
#F564E3	9	62.7	Physics	#F564E3
#F564E3	7	57.6	Physics	#F564E3
#F564E3	18	70	Physics	#F564E3
#F564E3	13	65.6	Physics	#F564E3
#F564E3	17	82.2	Physics	#F564E3
#F564E3	8	61.8	Physics	#F564E3
#F564E3	20	75.5	Physics	#F564E3
#F564E3	15	74.7	Physics	#F564E3
#F564E3	18	74	Physics	#F564E3
#F564E3	12	67	Physics	#F564E3
#F564E3	18	84.8	Physics	#F564E3
#F564E3	12	61.2	Physics	#F564E3
#F564E3	8	65.2	Physics	#F564E3
#F564E3	16	71.1	Physics	#F564E3
#F564E3	22	91.5	Physics	#F564E3
#F564E3	9	48.1	Physics	#F564E3
#F564E3	17	81.5	Physics	#F564E3
#F564E3	13	75.6	Physics	#F564E3
#F564E3	18	83.1	Physics	#F564E3
#F564E3	18	69.5	Physics	#F564E3
#F564E3	20	96.1	Physics	#F564E3
#B79F00	22	86.3	Chemistry	#B79F00
#B79F00	15	73.8	Chemistry	#B79F00
#B79F00	11	72.8	Chemistry	#B79F00
#B79F00	10	67.5	Chemistry	#B79F00
#B79F00	16	85.4	Chemistry	#B79F00
#B79F00	16	79.1	Chemistry	#B79F00
#B79F00	11	64.7	Chemistry	#B79F00
#B79F00	12	69.2	Chemistry	#B79F00
#B79F00	8	65.2	Chemistry	#B79F00
#B79F00	7	51.4	Chemistry	#B79F00
#B79F00	12	54.5	Chemistry	#B79F00
#B79F00	16	78.6	Chemistry	#B79F00
#B79F00	22	81.3	Chemistry	#B79F00
#B79F00	16	69.1	Chemistry	#B79F00
#B79F00	2	33.5	Chemistry	#B79F00
#B79F00	11	67.9	Chemistry	#B79F00
#B79F00	18	68	Chemistry	#B79F00
#B79F00	14	78.1	Chemistry	#B79F00
#B79F00	9	52	Chemistry	#B79F00
#B79F00	6	52.6	Chemistry	#B79F00
#B79F00	17	85.2	Chemistry	#B79F00
#B79F00	11	73.3	Chemistry	#B79F00
#B79F00	17	81.8	Chemistry	#B79F00
#B79F00	15	70	Chemistry	#B79F00
#B79F00	14	76.7	Chemistry	#B79F00
#B79F00	13	54.8	Chemistry	#B79F00
#B79F00	13	76.9	Chemistry	#B79F00
#B79F00	17	77.1	Chemistry	#B79F00
#B79F00	11	56.6	Chemistry	#B79F00
#B79F00	13	75.1	Chemistry	#B79F00
#B79F00	12	59.7	Chemistry	#B79F00
#B79F00	14	68.4	Chemistry	#B79F00
#B79F00	8	62.5	Chemistry	#B79F00
#B79F00	17	81.1	Chemistry	#B79F00
#B79F00	13	72.6	Chemistry	#B79F00
#B79F00	17	81.1	Chemistry	#B79F00
#B79F00	12	71.1	Chemistry	#B79F00
#B79F00	20	76.1	Chemistry	#B79F00
#B79F00	11	61.9	Chemistry	#B79F00
#B79F00	9	67.7	Chemistry	#B79F00
#B79F00	7	54.6	Chemistry	#B79F00
#B79F00	12	66.7	Chemistry	#B79F00
#B79F00	10	78.1	Chemistry	#B79F00
#B79F00	26	93.8	Chemistry	#B79F00
#B79F00	13	61.8	Chemistry	#B79F00
#B79F00	16	70.7	Chemistry	#B79F00
#B79F00	16	76.1	Chemistry	#B79F00
#B79F00	15	84.6	Chemistry	#B79F00
#B79F00	17	80.4	Chemistry	#B79F00
#B79F00	20	87.8	Chemistry	#B79F00
#F8766D	17	88.9	Biology	#F8766D
#F8766D	18	72.3	Biology	#F8766D
#F8766D	10	70	Biology	#F8766D
#F8766D	10	60	Biology	#F8766D
#F8766D	18	83.7	Biology	#F8766D
#F8766D	15	76.8	Biology	#F8766D
#F8766D	16	84.2	Biology	#F8766D
#F8766D	15	78.3	Biology	#F8766D
#F8766D	8	55.3	Biology	#F8766D
#F8766D	10	58	Biology	#F8766D
#F8766D	10	50.8	Biology	#F8766D
#F8766D	13	75.2	Biology	#F8766D
#F8766D	17	89.1	Biology	#F8766D
#F8766D	18	82.6	Biology	#F8766D
#F8766D	3	39.8	Biology	#F8766D
#F8766D	17	71.7	Biology	#F8766D
#F8766D	15	62.5	Biology	#F8766D
#F8766D	17	78.9	Biology	#F8766D
#F8766D	8	55.4	Biology	#F8766D
#F8766D	5	53.8	Biology	#F8766D
#F8766D	17	84.9	Biology	#F8766D
#F8766D	19	85.4	Biology	#F8766D
#F8766D	13	77.6	Biology	#F8766D
#F8766D	12	75	Biology	#F8766D
#F8766D	15	79.2	Biology	#F8766D
#F8766D	9	55.3	Biology	#F8766D
#F8766D	8	70.6	Biology	#F8766D
#F8766D	17	85.7	Biology	#F8766D
#F8766D	7	53.4	Biology	#F8766D
#F8766D	12	76.9	Biology	#F8766D
#F8766D	12	60.1	Biology	#F8766D
#F8766D	13	63.4	Biology	#F8766D
#F8766D	16	68.1	Biology	#F8766D
#F8766D	25	96.5	Biology	#F8766D
#F8766D	15	63.8	Biology	#F8766D
#F8766D	21	85.4	Biology	#F8766D
#F8766D	24	81.6	Biology	#F8766D
#F8766D	15	72.4	Biology	#F8766D
#F8766D	11	69.5	Biology	#F8766D
#F8766D	20	83.1	Biology	#F8766D
#F8766D	8	67.5	Biology	#F8766D
#F8766D	13	77.7	Biology	#F8766D
#F8766D	17	73.6	Biology	#F8766D
#F8766D	13	89.5	Biology	#F8766D
#F8766D	9	66.1	Biology	#F8766D
#F8766D	15	69.8	Biology	#F8766D
#F8766D	17	76.2	Biology	#F8766D
#F8766D	22	91	Biology	#F8766D
#F8766D	20	77.8	Biology	#F8766D
#F8766D	19	94.2	Biology	#F8766D
#00BA38	19	98.6	English	#00BA38
#00BA38	27	91.5	English	#00BA38
#00BA38	11	70.7	English	#00BA38
#00BA38	15	72.8	English	#00BA38
#00BA38	23	92.6	English	#00BA38
#00BA38	26	92.1	English	#00BA38
#00BA38	15	77.8	English	#00BA38
#00BA38	11	73.6	English	#00BA38
#00BA38	7	65.3	English	#00BA38
#00BA38	12	63.1	English	#00BA38
#00BA38	13	62.7	English	#00BA38
#00BA38	20	84	English	#00BA38
#00BA38	21	87.2	English	#00BA38
#00BA38	21	84.6	English	#00BA38
#00BA38	2	36.5	English	#00BA38
#00BA38	9	74.6	English	#00BA38
#00BA38	15	64.4	English	#00BA38
#00BA38	14	78.7	English	#00BA38
#00BA38	14	53.4	English	#00BA38
#00BA38	9	52.5	English	#00BA38
#00BA38	22	82.4	English	#00BA38
#00BA38	15	75.3	English	#00BA38
#00BA38	14	80.2	English	#00BA38
#00BA38	19	83.4	English	#00BA38
#00BA38	19	88.7	English	#00BA38
#00BA38	7	59.8	English	#00BA38
#00BA38	18	73.8	English	#00BA38
#00BA38	15	87.4	English	#00BA38
#00BA38	12	56.9	English	#00BA38
#00BA38	13	73.1	English	#00BA38
#00BA38	9	56.2	English	#00BA38
#00BA38	10	64.1	English	#00BA38
#00BA38	11	70.2	English	#00BA38
#00BA38	19	93.6	English	#00BA38
#00BA38	15	68.4	English	#00BA38
#00BA38	18	86.7	English	#00BA38
#00BA38	18	78.1	English	#00BA38
#00BA38	16	73.5	English	#00BA38
#00BA38	12	71.2	English	#00BA38
#00BA38	17	81.5	English	#00BA38
#00BA38	9	65.3	English	#00BA38
#00BA38	19	76.7	English	#00BA38
#00BA38	12	69.9	English	#00BA38
#00BA38	22	93.6	English	#00BA38
#00BA38	14	68.2	English	#00BA38
#00BA38	13	76.9	English	#00BA38
#00BA38	17	76.4	English	#00BA38
#00BA38	23	90.1	English	#00BA38
#00BA38	16	76.5	English	#00BA38
#00BA38	24	94	English	#00BA38
#00BFC4	23	86.6	History	#00BFC4
#00BFC4	18	73.8	History	#00BFC4
#00BFC4	16	81.9	History	#00BFC4
#00BFC4	17	80.2	History	#00BFC4
#00BFC4	23	83.3	History	#00BFC4
#00BFC4	14	88.4	History	#00BFC4
#00BFC4	16	83.6	History	#00BFC4
#00BFC4	22	85.5	History	#00BFC4
#00BFC4	9	59.4	History	#00BFC4
#00BFC4	11	64.6	History	#00BFC4
#00BFC4	8	57.8	History	#00BFC4
#00BFC4	15	84.5	History	#00BFC4
#00BFC4	16	89.9	History	#00BFC4
#00BFC4	11	80.8	History	#00BFC4
#00BFC4	6	40	History	#00BFC4
#00BFC4	22	79.7	History	#00BFC4
#00BFC4	14	72.2	History	#00BFC4
#00BFC4	16	81.1	History	#00BFC4
#00BFC4	7	61.1	History	#00BFC4
#00BFC4	9	56.5	History	#00BFC4
#00BFC4	23	92.4	History	#00BFC4
#00BFC4	21	80.7	History	#00BFC4
#00BFC4	17	90.1	History	#00BFC4
#00BFC4	18	79.8	History	#00BFC4
#00BFC4	18	87.5	History	#00BFC4
#00BFC4	4	60.8	History	#00BFC4
#00BFC4	16	76.9	History	#00BFC4
#00BFC4	19	83.1	History	#00BFC4
#00BFC4	13	69.5	History	#00BFC4
#00BFC4	18	72.1	History	#00BFC4
#00BFC4	14	69.2	History	#00BFC4
#00BFC4	15	75.7	History	#00BFC4
#00BFC4	26	76.1	History	#00BFC4
#00BFC4	22	90.2	History	#00BFC4
#00BFC4	11	75.8	History	#00BFC4
#00BFC4	15	79.2	History	#00BFC4
#00BFC4	16	81.1	History	#00BFC4
#00BFC4	12	69.7	History	#00BFC4
#00BFC4	17	73.9	History	#00BFC4
#00BFC4	16	86.3	History	#00BFC4
#00BFC4	12	58.6	History	#00BFC4
#00BFC4	22	86.1	History	#00BFC4
#00BFC4	20	89.2	History	#00BFC4
#00BFC4	33	98.1	History	#00BFC4
#00BFC4	8	69.6	History	#00BFC4
#00BFC4	17	72.3	History	#00BFC4
#00BFC4	17	83.1	History	#00BFC4
#00BFC4	19	76.8	History	#00BFC4
#00BFC4	15	81.5	History	#00BFC4
#00BFC4	22	86.6	History	#00BFC4
#619CFF	19	79.6	Mathematics	#619CFF
#619CFF	15	71	Mathematics	#619CFF
#619CFF	18	71.8	Mathematics	#619CFF
#619CFF	12	65.3	Mathematics	#619CFF
#619CFF	17	77.8	Mathematics	#619CFF
#619CFF	14	85.3	Mathematics	#619CFF
#619CFF	17	74.2	Mathematics	#619CFF
#619CFF	13	72.8	Mathematics	#619CFF
#619CFF	14	63	Mathematics	#619CFF
#619CFF	11	61.6	Mathematics	#619CFF
#619CFF	10	52	Mathematics	#619CFF
#619CFF	17	78	Mathematics	#619CFF
#619CFF	17	72.7	Mathematics	#619CFF
#619CFF	11	73.5	Mathematics	#619CFF
#619CFF	7	34.5	Mathematics	#619CFF
#619CFF	13	77	Mathematics	#619CFF
#619CFF	10	66	Mathematics	#619CFF
#619CFF	18	79.3	Mathematics	#619CFF
#619CFF	10	53.3	Mathematics	#619CFF
#619CFF	6	58	Mathematics	#619CFF
#619CFF	18	78.6	Mathematics	#619CFF
#619CFF	12	62.9	Mathematics	#619CFF
#619CFF	13	78.5	Mathematics	#619CFF
#619CFF	11	71.6	Mathematics	#619CFF
#619CFF	17	75.5	Mathematics	#619CFF
#619CFF	15	60.6	Mathematics	#619CFF
#619CFF	14	77.6	Mathematics	#619CFF
#619CFF	23	82.3	Mathematics	#619CFF
#619CFF	3	47.2	Mathematics	#619CFF
#619CFF	13	67.5	Mathematics	#619CFF
#619CFF	8	56.1	Mathematics	#619CFF
#619CFF	16	65.1	Mathematics	#619CFF
#619CFF	13	67.2	Mathematics	#619CFF
#619CFF	20	87.8	Mathematics	#619CFF
#619CFF	7	62.8	Mathematics	#619CFF
#619CFF	20	76	Mathematics	#619CFF
#619CFF	16	66.5	Mathematics	#619CFF
#619CFF	16	66.9	Mathematics	#619CFF
#619CFF	11	60.3	Mathematics	#619CFF
#619CFF	20	77.3	Mathematics	#619CFF
#619CFF	10	66.3	Mathematics	#619CFF
#619CFF	10	67.5	Mathematics	#619CFF
#619CFF	18	74.4	Mathematics	#619CFF
#619CFF	23	88.8	Mathematics	#619CFF
#619CFF	14	60.6	Mathematics	#619CFF
#619CFF	18	74	Mathematics	#619CFF
#619CFF	10	66.7	Mathematics	#619CFF
#619CFF	15	73.6	Mathematics	#619CFF
#619CFF	15	82.1	Mathematics	#619CFF
#619CFF	16	91.1	Mathematics	#619CFF
#F564E3	22	83.9	Physics	#F564E3
#F564E3	12	74.7	Physics	#F564E3
#F564E3	15	66.6	Physics	#F564E3
#F564E3	2	62.4	Physics	#F564E3
#F564E3	16	85.1	Physics	#F564E3
#F564E3	17	87.7	Physics	#F564E3
#F564E3	21	88.1	Physics	#F564E3
#F564E3	16	78	Physics	#F564E3
#F564E3	12	55.4	Physics	#F564E3
#F564E3	10	61.9	Physics	#F564E3
#F564E3	13	60.2	Physics	#F564E3
#F564E3	14	79.4	Physics	#F564E3
#F564E3	14	83.2	Physics	#F564E3
#F564E3	11	73.6	Physics	#F564E3
#F564E3	2	41.7	Physics	#F564E3
#F564E3	16	69.7	Physics	#F564E3
#F564E3	9	58.6	Physics	#F564E3
#F564E3	17	73	Physics	#F564E3
#F564E3	10	60.5	Physics	#F564E3
#F564E3	9	56.9	Physics	#F564E3
#F564E3	18	89.8	Physics	#F564E3
#F564E3	18	69.9	Physics	#F564E3
#F564E3	16	87	Physics	#F564E3
#F564E3	18	79.7	Physics	#F564E3
#F564E3	9	76	Physics	#F564E3
#F564E3	9	61.1	Physics	#F564E3
#F564E3	15	68.5	Physics	#F564E3
#F564E3	15	80.6	Physics	#F564E3
#F564E3	10	57.6	Physics	#F564E3
#F564E3	15	73.4	Physics	#F564E3
#F564E3	10	58.7	Physics	#F564E3
#F564E3	8	69.8	Physics	#F564E3
#F564E3	12	69.4	Physics	#F564E3
#F564E3	20	80.8	Physics	#F564E3
#F564E3	8	65.4	Physics	#F564E3
#F564E3	15	77.5	Physics	#F564E3
#F564E3	10	68.6	Physics	#F564E3
#F564E3	12	65.5	Physics	#F564E3
#F564E3	21	79.8	Physics	#F564E3
#F564E3	18	78.5	Physics	#F564E3
#F564E3	10	61.5	Physics	#F564E3
#F564E3	13	79.4	Physics	#F564E3
#F564E3	14	73.5	Physics	#F564E3
#F564E3	18	93.3	Physics	#F564E3
#F564E3	12	67.9	Physics	#F564E3
#F564E3	17	79.5	Physics	#F564E3
#F564E3	12	78.9	Physics	#F564E3
#F564E3	19	81	Physics	#F564E3
#F564E3	16	75.2	Physics	#F564E3
#F564E3	19	89.1	Physics	#F564E3
#B79F00	16	87.1	Chemistry	#B79F00
#B79F00	22	87	Chemistry	#B79F00
#B79F00	11	73.6	Chemistry	#B79F00
#B79F00	13	77.2	Chemistry	#B79F00
#B79F00	18	80.9	Chemistry	#B79F00
#B79F00	18	86.3	Chemistry	#B79F00
#B79F00	17	75.8	Chemistry	#B79F00
#B79F00	18	77.2	Chemistry	#B79F00
#B79F00	5	58.2	Chemistry	#B79F00
#B79F00	11	62.7	Chemistry	#B79F00
#B79F00	9	59.5	Chemistry	#B79F00
#B79F00	20	82.3	Chemistry	#B79F00
#B79F00	18	82.4	Chemistry	#B79F00
#B79F00	13	73.8	Chemistry	#B79F00
#B79F00	2	31.7	Chemistry	#B79F00
#B79F00	11	69.3	Chemistry	#B79F00
#B79F00	19	68	Chemistry	#B79F00
#B79F00	17	81.1	Chemistry	#B79F00
#B79F00	7	57.3	Chemistry	#B79F00
#B79F00	5	53.5	Chemistry	#B79F00
#B79F00	23	84.5	Chemistry	#B79F00
#B79F00	12	72.6	Chemistry	#B79F00
#B79F00	14	77.6	Chemistry	#B79F00
#B79F00	10	68.9	Chemistry	#B79F00
#B79F00	12	77.1	Chemistry	#B79F00
#B79F00	10	59.7	Chemistry	#B79F00
#B79F00	16	76	Chemistry	#B79F00
#B79F00	11	77.6	Chemistry	#B79F00
#B79F00	6	56.9	Chemistry	#B79F00
#B79F00	14	69.4	Chemistry	#B79F00
#B79F00	11	58.8	Chemistry	#B79F00
#B79F00	19	75.1	Chemistry	#B79F00
#B79F00	13	71.7	Chemistry	#B79F00
#B79F00	16	86.4	Chemistry	#B79F00
#B79F00	9	68.4	Chemistry	#B79F00
#B79F00	20	87.2	Chemistry	#B79F00
#B79F00	25	74.3	Chemistry	#B79F00
#B79F00	11	69.7	Chemistry	#B79F00
#B79F00	13	75.6	Chemistry	#B79F00
#B79F00	17	80.3	Chemistry	#B79F00
#B79F00	14	64.1	Chemistry	#B79F00
#B79F00	13	72.5	Chemistry	#B79F00
#B79F00	16	77.1	Chemistry	#B79F00
#B79F00	20	90.7	Chemistry	#B79F00
#B79F00	9	62.6	Chemistry	#B79F00
#B79F00	19	77.9	Chemistry	#B79F00
#B79F00	11	71	Chemistry	#B79F00
#B79F00	13	74.3	Chemistry	#B79F00
#B79F00	10	81.5	Chemistry	#B79F00
#B79F00	17	95.5	Chemistry	#B79F00
#F8766D	17	88.2	Biology	#F8766D
#F8766D	14	84.1	Biology	#F8766D
#F8766D	9	68.3	Biology	#F8766D
#F8766D	13	75.9	Biology	#F8766D
#F8766D	20	88.3	Biology	#F8766D
#F8766D	27	92	Biology	#F8766D
#F8766D	16	84.8	Biology	#F8766D
#F8766D	21	78.4	Biology	#F8766D
#F8766D	12	64.8	Biology	#F8766D
#F8766D	7	58.5	Biology	#F8766D
#F8766D	9	66.6	Biology	#F8766D
#F8766D	18	74.3	Biology	#F8766D
#F8766D	18	89.7	Biology	#F8766D
#F8766D	13	75.4	Biology	#F8766D
#F8766D	2	38.8	Biology	#F8766D
#F8766D	15	65.9	Biology	#F8766D
#F8766D	18	67.5	Biology	#F8766D
#F8766D	19	81.3	Biology	#F8766D
#F8766D	4	67.7	Biology	#F8766D
#F8766D	12	54.6	Biology	#F8766D
#F8766D	21	88.7	Biology	#F8766D
#F8766D	13	80.7	Biology	#F8766D
#F8766D	20	79.5	Biology	#F8766D
#F8766D	10	71.2	Biology	#F8766D
#F8766D	15	75.2	Biology	#F8766D
#F8766D	8	58.1	Biology	#F8766D
#F8766D	15	77.7	Biology	#F8766D
#F8766D	18	80.5	Biology	#F8766D
#F8766D	7	53.2	Biology	#F8766D
#F8766D	14	82.7	Biology	#F8766D
#F8766D	9	57.6	Biology	#F8766D
#F8766D	18	60.8	Biology	#F8766D
#F8766D	14	75	Biology	#F8766D
#F8766D	18	86.6	Biology	#F8766D
#F8766D	14	68.1	Biology	#F8766D
#F8766D	18	76.5	Biology	#F8766D
#F8766D	17	81.5	Biology	#F8766D
#F8766D	11	71.6	Biology	#F8766D
#F8766D	14	76.4	Biology	#F8766D
#F8766D	17	82.2	Biology	#F8766D
#F8766D	11	72	Biology	#F8766D
#F8766D	22	86.9	Biology	#F8766D
#F8766D	21	89	Biology	#F8766D
#F8766D	22	93.3	Biology	#F8766D
#F8766D	6	53.8	Biology	#F8766D
#F8766D	14	74	Biology	#F8766D
#F8766D	19	91.4	Biology	#F8766D
#F8766D	20	83	Biology	#F8766D
#F8766D	23	87.4	Biology	#F8766D
#F8766D	19	86.9	Biology	#F8766D
#00BA38	22	81.4	English	#00BA38
#00BA38	18	83.8	English	#00BA38
#00BA38	15	73.4	English	#00BA38
#00BA38	15	75.6	English	#00BA38
#00BA38	19	82.9	English	#00BA38
#00BA38	23	92	English	#00BA38
#00BA38	13	85.9	English	#00BA38
#00BA38	18	85.5	English	#00BA38
#00BA38	9	59.4	English	#00BA38
#00BA38	14	59.9	English	#00BA38
#00BA38	7	62	English	#00BA38
#00BA38	17	80.3	English	#00BA38
#00BA38	21	89.8	English	#00BA38
#00BA38	17	80	English	#00BA38
#00BA38	6	43.2	English	#00BA38
#00BA38	18	87.2	English	#00BA38
#00BA38	13	58.2	English	#00BA38
#00BA38	14	76.3	English	#00BA38
#00BA38	10	62.9	English	#00BA38
#00BA38	7	53	English	#00BA38
#00BA38	22	91.7	English	#00BA38
#00BA38	16	85.6	English	#00BA38
#00BA38	22	89.1	English	#00BA38
#00BA38	21	83.4	English	#00BA38
#00BA38	16	83.8	English	#00BA38
#00BA38	9	58.6	English	#00BA38
#00BA38	3	65.7	English	#00BA38
#00BA38	19	89.7	English	#00BA38
#00BA38	14	58.6	English	#00BA38
#00BA38	17	83.4	English	#00BA38
#00BA38	12	61.8	English	#00BA38
#00BA38	24	84.6	English	#00BA38
#00BA38	21	78.4	English	#00BA38
#00BA38	13	75	English	#00BA38
#00BA38	16	75.7	English	#00BA38
#00BA38	12	74.9	English	#00BA38
#00BA38	19	83.4	English	#00BA38
#00BA38	15	74.1	English	#00BA38
#00BA38	11	68	English	#00BA38
#00BA38	12	77.1	English	#00BA38
#00BA38	17	70.5	English	#00BA38
#00BA38	20	79	English	#00BA38
#00BA38	19	87.1	English	#00BA38
#00BA38	24	93.7	English	#00BA38
#00BA38	7	62.6	English	#00BA38
#00BA38	24	85.3	English	#00BA38
#00BA38	16	80	English	#00BA38
#00BA38	19	84.8	English	#00BA38
#00BA38	17	89.4	English	#00BA38
#00BA38	20	94.6	English	#00BA38
#00BFC4	16	87.5	History	#00BFC4
#00BFC4	14	86.4	History	#00BFC4
#00BFC4	18	72.8	History	#00BFC4
#00BFC4	18	75.9	History	#00BFC4
#00BFC4	22	86.3	History	#00BFC4
#00BFC4	22	97.5	History	#00BFC4
#00BFC4	18	85.5	History	#00BFC4
#00BFC4	13	77.9	History	#00BFC4
#00BFC4	17	64.2	History	#00BFC4
#00BFC4	23	74.6	History	#00BFC4
#00BFC4	13	64.7	History	#00BFC4
#00BFC4	25	85.2	History	#00BFC4
#00BFC4	17	93.2	History	#00BFC4
#00BFC4	14	84.9	History	#00BFC4
#00BFC4	7	50.1	History	#00BFC4
#00BFC4	13	80.4	History	#00BFC4
#00BFC4	17	74.5	History	#00BFC4
#00BFC4	15	79.6	History	#00BFC4
#00BFC4	14	64.4	History	#00BFC4
#00BFC4	6	55	History	#00BFC4
#00BFC4	23	86.7	History	#00BFC4
#00BFC4	15	83.6	History	#00BFC4
#00BFC4	22	87.9	History	#00BFC4
#00BFC4	21	76.2	History	#00BFC4
#00BFC4	17	84.1	History	#00BFC4
#00BFC4	12	63.8	History	#00BFC4
#00BFC4	20	77.5	History	#00BFC4
#00BFC4	22	88.5	History	#00BFC4
#00BFC4	7	62.5	History	#00BFC4
#00BFC4	17	78.3	History	#00BFC4
#00BFC4	7	61.3	History	#00BFC4
#00BFC4	10	77.8	History	#00BFC4
#00BFC4	12	79	History	#00BFC4
#00BFC4	26	93.1	History	#00BFC4
#00BFC4	14	67.8	History	#00BFC4
#00BFC4	16	85.2	History	#00BFC4
#00BFC4	15	87.8	History	#00BFC4
#00BFC4	23	85.1	History	#00BFC4
#00BFC4	9	62.2	History	#00BFC4
#00BFC4	14	75.7	History	#00BFC4
#00BFC4	12	68.4	History	#00BFC4
#00BFC4	18	87.6	History	#00BFC4
#00BFC4	18	87.5	History	#00BFC4
#00BFC4	23	97.2	History	#00BFC4
#00BFC4	8	60.6	History	#00BFC4
#00BFC4	10	73.1	History	#00BFC4
#00BFC4	9	71.1	History	#00BFC4
#00BFC4	18	82.8	History	#00BFC4
#00BFC4	14	86.6	History	#00BFC4
#00BFC4	26	100	History	#00BFC4
